{
  "parent": "quest_giver:quest_0060_01b",
  "reputation": 0,
  "icon": "minecraft:oak_boat",
  "start": {
    "title": {
      "text": "Крафт лодки"
    },
    "description": {
      "text": "Помни, что лодка должна быть сделана из материала $(red)Бальса$()."
    }
  },
  "complete": {
    "title": {
      "text": "Спасибо!"
    },
    "description": {
      "text": "Можно было бы и получше, но все равно спасибо за помощь. Вот твоя награда, думаю, тебе понравится."
    }
  },
  "tasks": [
    {
      "item": {
        "item": "biomemakeover:blighted_balsa_boat"
      },
      "id": "quest_giver:gift",
      "times": 1
    }
  ],
  "rewards": [
    {
      "command": "/advancement grant @p only custom:trade_fisherman",
      "id": "quest_giver:command"
    },
    {
      "command": "/addreputation reputation:villager @p 3",
      "id": "quest_giver:command"
    },
    {
      "item": {
        "item": "paraglider:spirit_orb"
      },
      "id": "quest_giver:item",
      "times": 1
    }
  ]
}