{
"__comment": "Translated by Skyderlock. Other credits go to: bstylia14 and DawnCraft Developer Team",

  "parent": "quest_giver:root",
  "reputation": 0,
  "icon": "minecraft:cod",
  "start": {
    "title": {
      "text": "Крафт лодки"
    },
    "description": {
      "text": "Отлично. Не мог бы ты помочь мне сделать лодку для рыбалки? Обычно наилучшим материалом является махагон, но в нашем измерении есть другое хорошое дерево - $(red)Бальса$(). Сделай лодку из этого материала и дай мне... Я верю, что у тебя, как у искателя приключений, много опыта в создании лодок, верно?"
    }
  }
}