{
"__comment": "Translated by Skyderlock. Other credits go to: bstylia14 and DawnCraft Developer Team",

  "parent": "quest_giver:root",
  "reputation": 5,
  "icon": "minecraft:pumpkin",
  "start": {
    "title": {
      "text": "Фаршированная тыква"
    },
    "description": {
      "text": "Ты уже приготовил $(yellow)фаршированную тыкву$()? Не волнуйся, я понимаю, что это займет время!"
    }
  },
  "complete": {
    "title": {
      "text": "Приготовлено"
    },
    "description": {
      "text": "Ах, какой прекрасный аромат! Большое спасибо, этого блюда моей семье хватит на несколько дней."
    }
  },
  "tasks": [
    {
      "item": {
        "item": "farmersdelight:stuffed_pumpkin_block"
      },
      "id": "quest_giver:gift",
      "amount": 1
    }
  ],
  "rewards": [
    {
      "item": {
        "item": "minecraft:emerald"
      },
      "id": "quest_giver:item",
      "times": 1
    },
    {
      "command": "/addreputation reputation:villager @p 1",
      "id": "quest_giver:command"
    },
    {
      "command": "/advancement grant @p only custom:trade_butcher",
      "id": "quest_giver:command"
    }
  ]
}