{
	"reputation": 7,
	"icon": "minecraft:beef",
	"start": {
		"title": {
			"text": "Здравствуй"
		},
		"description": {
			"text": "Здравствуй, добрый сэр. Моя супруга просит меня приготовить блюдо под названием $(yellow)'фаршированная тыква'$(), а я слишком стыжусь признаться, что не знаю, как его приготовить... Ты можешь приготовить его для меня?"
		}
	}
}