{
	"parent": "quest_giver:root",
	"reputation": 16,
	"icon": "minecraft:iron_pickaxe",
	"start": {
		"title": {
			"text": "Скалк"
		},
		"description": "В шахте я наткнулся на нечто странное, глубоко под сланцем. Вокруг меня были непонятные споры и пронзительные крики, которые, как я узнал от других шахтёров, связаны с инфекцией, называемой $(red)скалк$(). Мне повезло выбраться оттуда живым, но природа этих страшных звуков и сама тема 'заражения' меня заинтересовали. Не мог бы ты достать для меня один $(red)скалковый крикун$() из Глубокой Тьмы?"
	}
}