{
  "parent": "quest_giver:quest_0123_01b",
  "reputation": 16,
  "icon": "minecraft:iron_pickaxe",
  "start": {
    "title": {
      "text": "Скалк"
    },
    "description": {
      "text": "О, ты вернулся! Ты уже достал $(red)Скалковый крикун$()?"
    }
  },
  "complete": {
    "title": {
      "text": "Спасибо!"
    },
    "description": {
      "text": "Это... выглядит так странно. Ты встретил Хранителя? Ну, я предполагаю, что нет, раз ты все еще жив. В любом случае, вот твоя награда. Этот предмет должен защитить тебя от обычных слизней."
    }
  },
  "tasks": [
    {
      "item": {
        "item": "wildbackport:sculk_shrieker"
      },
      "id": "quest_giver:gift",
      "times": 1
    }
  ],
  "rewards": [
    {
      "item": {
        "item": "dannys_expansion:gelatinous_diplomacy"
      },
      "id": "quest_giver:item",
      "times": 1
    },
    {
      "command": "/advancement grant @p only custom:trade_miner",
      "id": "quest_giver:command"
    }
  ]
}