{
  "parent": "quest_giver:quest_0002_01b",
  "reputation": 0,
  "icon": "minecraft:rabbit_foot",
  "start": {
    "title": {
      "text": "Одолжение"
    },
    "description": {
      "text": "Ну, у вас есть кроличья лапка?"
    }
  },
  "complete": {
    "title": {
      "text": "Замечательно!"
    },
    "description": {
      "text": "Замечательно! Мне конечно нечем заплатить за это, хотя... Вот, примите эту свежеиспеченную жареную баранину!"
    }
  },
  "tasks": [
    {
      "item": {
        "item": "minecraft:rabbit_foot"
      },
      "id": "quest_giver:gift",
      "times": 1
    }
  ],
  "rewards": [
    {
      "item": {
      	"item": "minecraft:cooked_mutton"
	},
      "id": "quest_giver:item",
      "times": 1
    },
    {
      "command": "/addreputation reputation:villager @p 2",
      "id": "quest_giver:command"
    }
  ]
}