{
"__comment": "Translated by Skyderlock. Other credits go to: bstylia14 and DawnCraft Developer Team",

  "parent": "quest_giver:root",
  "reputation": 0,
  "icon": "minecraft:beef",
  "start": {
    "title": {
      "text": "Одолжение"
    },
    "description": {
      "text": "Добрый человек! Наши охотники давно не приносили кролика... Я был бы благодарен, если бы вы могли дать мне $(red)кроличью лапку$()."
    }
  }
}