{
  "__comment": "Translated by Skyderlock. Other credits go to: bstylia14 and DawnCraft Developer Team",

  "parent": "quest_giver:root",
  "reputation": 16,
  "icon": "minecraft:iron_pickaxe",
  "start": {
    "title": {
      "text": "Помощь"
    },
    "description": {
      "text": "Я слышал от путешественников, что они недавно заметили гигантское чудовище с шипами из самоцветов на спине. Они говорят, что оно находилось в области, покрытой обсидиановыми шипами... Мне очень интересны эти самые самоцветы. Можешь принести мне лист бумаги? Я покажу, где это место."
    }
  }
}