{
  "parent": "quest_giver:quest_0113_01",
  "reputation": 16,
  "icon": "minecraft:iron_pickaxe",
  "start": {
    "title": {
      "text": "Снова привет!"
    },
    "description": {
      "text": "Ты получил $(red)самоцвет$()? Возможно, тебе придется уничтожить существо, чтобы его получить."
    }
  },
  "complete": {
    "title": {
      "text": "Вот."
    },
    "description": {
      "text": "Вау... это потрясающе. Это просто... удивительно. Мне нужно немного времени, чтобы разобраться с этим. Ты можешь принести мне палку? Я думаю, что смогу сделать тебе что-то особенное."
    }
  },
  "tasks": [
     {
      "item": {
	 "item": "simple_mobs:gem_item"
      },
      "id": "quest_giver:gift",
      "times": 1
     }
  ]
}