{
  "parent": "quest_giver:quest_0113_01b",
  "reputation": 16,
  "icon": "minecraft:iron_pickaxe",
  "start": {
    "title": {
      "text": "Так что?"
    },
    "description": {
      "text": "Принеси мне лист бумаги, я нарисую карту."
    }
  },
  "complete": {
    "title": {
      "text": "Спасибо!"
    },
    "description": {
      "text": "Пожалуйста, отправляйся к этому месту и попробуй... извлечь самоцветы из существа. Принеси мне их, пожалуйста. Я уверен, что это будет стоить твоих усилий."
    }
  },
  "tasks": [
     {
      "item": {
	 "item": "minecraft:paper"
      },
      "id": "quest_giver:gift",
      "times": 1
     }
  ],
  "rewards": [
    {
      "command": "/loot give @p loot minecraft:weaponsmith1",
      "id": "quest_giver:command"
    },
    {
      "command": "/gamestage add @p weaponsmith1 true",
      "id": "quest_giver:command"
    }
  ]
}