{
  "parent": "quest_giver:quest_0113_02",
  "reputation": 16,
  "icon": "minecraft:iron_pickaxe",
  "start": {
    "title": {
      "text": "Снова привет!"
    },
    "description": {
      "text": "Я еще работаю над этим! Ты уже достал палку?"
    }
  },
  "complete": {
    "title": {
      "text": "Вот."
    },
    "description": {
      "text": "Вот он, возьми. Это, наверное, мое лучшее изделие, хех."
    }
  },
  "tasks": [
     {
      "item": {
	 "item": "minecraft:stick"
      },
      "id": "quest_giver:gift",
      "times": 1
     }
  ],
  "rewards": [
    {
      "item": {
        "item": "simple_mobs:gem_sword"
      },
      "id": "quest_giver:item",
      "times": 1
    },
    {
      "command": "/addreputation reputation:villager @p 3",
      "id": "quest_giver:command"
    }
  ]
}