{
  "parent": "quest_giver:quest_0074_01",
  "reputation": 4,
  "icon": "minecraft:book",
  "start": {
    "title": {
      "text": "Так что?"
    },
    "description": {
      "text": "Мне нужна ещё одна $(red)Сфера духа$()."
    }
  },
  "complete": {
    "title": {
      "text": "Спасибо!"
    },
    "description": {
      "text": "Ха-ха... путешественник, ты слишком доверчив. Не стоит доверять тем, кого едва знаешь. Я верну тебе сферы, потому что мне стыдно за свои действия. Но запомни: не все люди такие милые, как я."
    }
  },
  "tasks": [
     {
      "item": {
	 "item": "paraglider:spirit_orb"
      },
      "id": "quest_giver:gift",
      "times": 1
     }
  ],
  "rewards": [
    {
      "command": "/addreputation reputation:villager @p 1",
      "id": "quest_giver:command"
    },
    {
      "item": {
        "item": "paraglider:spirit_orb"
      },
      "id": "quest_giver:item",
      "times": 2
    },
    {
      "item": {
        "item": "minecraft:cookie"
      },
      "id": "quest_giver:item",
      "times": 1
    }
  ]
}