{
"__comment": "Translated by Skyderlock. Other credits go to: bstylia14 and DawnCraft Developer Team",

  "parent": "quest_giver:root",
  "reputation": 4,
  "icon": "minecraft:book",
  "start": {
    "title": {
      "text": "Чудная просьба"
    },
    "description": {
      "text": "Можешь ли ты отдать мне $(red)Сферу духа$()?"
    }
  },
  "complete": {
    "title": {
      "text": "Спасибо!"
    },
    "description": {
      "text": "Структура этой слишком сложная... Не мог бы ты дать мне еще одну?"
    }
  },
  "tasks": [
     {
      "item": {
	 "item": "paraglider:spirit_orb"
      },
      "id": "quest_giver:gift",
      "times": 1
     }
  ]
}