{
  "parent": "quest_giver:quest_0021_01b",
  "reputation": 14,
  "icon": "minecraft:heart_of_the_sea",
  "start": {
    "title": {
      "text": "Ну?"
    },
    "description": {
      "text": "Ты уже принёс $(red)Сердце моря$()?"
    }
  },
  "complete": {
    "title": {
      "text": "Спасибо!"
    },
    "description": {
      "text": "Оно выглядит... чудно. Но большинство вещей, приносимых океаном, имеют такую природу... В любом случае, большое спасибо, искатель приключений. Вот твоя награда"
    }
  },
  "tasks": [
    {
      "item": {
        "item": "minecraft:heart_of_the_sea"
      },
      "id": "quest_giver:gift",
      "times": 1
     }
  ],
  "rewards": [
    {
      "item": {
        "item": "minecraft:emerald"
      },
      "id": "quest_giver:item",
      "times": 2
    },
    {
      "command": "/addreputation reputation:villager @p 3",
      "id": "quest_giver:command"
    },
    {
      "command": "/advancement grant @p only custom:trade_oceanographer",
      "id": "quest_giver:command"
    }
  ]
}