{
  "parent": "quest_giver:root",
  "reputation": 14,
  "icon": "minecraft:bow",
  "start": {
    "title": {
      "text": "Помощь"
    },
    "description": {
      "text": "Мне нужна твоя помощь в получении предмета, называемого $(red)Сердце Моря$(). Обычно его можно найти в затерянных сокровищах, но у меня нет опыта и знаний, чтобы найти его. Не мог бы ты добыть его для меня?"
    }
  }
}