{
"__comment": "Translated by Skyderlock. Other credits go to: bstylia14 and DawnCraft Developer Team",

  "parent": "quest_giver:root",
  "reputation": 18,
  "icon": "minecraft:arrow",
  "start": {
    "title": {
      "text": "Крафт рогатки"
    },
    "description": {
      "text": "Верно - рогатка! Я пытался сделать одну, но мне не хватает мастерства для создания рабочей копии. Ты можешь попробовать?"
    }
  }
}