{
"__comment": "Translated by Skyderlock. Other credits go to: bstylia14 and DawnCraft Developer Team",

  "parent": "quest_giver:quest_0064_01b",
  "reputation": 18,
  "icon": "supplementaries:slingshot",
  "start": {
    "title": {
      "text": "Крафт рогатки"
    },
    "description": {
      "text": "Ты все еще не смог сделать $(red)Рогатку$(), да? Ну, я понимаю... Создать хорошую рогатку весьма сложно."
    }
  },
  "complete": {
    "title": {
      "text": "Спасибо!"
    },
    "description": {
      "text": "Да, это то, что я себе и представлял! Ммм... Она не кажется особенно впечатляющей. Кажется, что в качестве боеприпасов используются камни... Вот, держи, мне она не особо нужна. Спасибо, что показал мне!"
    }
  },
  "tasks": [
    {
      "item": {
        "item": "supplementaries:slingshot"
      },
      "id": "quest_giver:gift",
      "times": 1
    }
  ],
  "rewards": [
    {
      "command": "/addreputation reputation:villager @p 1",
      "id": "quest_giver:command"
    },
    {
      "item": {
        "item": "supplementaries:slingshot"
      },
      "id": "quest_giver:item",
      "times": 1
    }
  ]
}