{
  "__comment": "Translated by Skyderlock. Other credits go to: bstylia14 and DawnCraft Developer Team",

  "parent": "quest_giver:quest_0112_01b",
  "reputation": 16,
  "icon": "minecraft:iron_pickaxe",
  "start": {
    "title": {
      "text": "Так что?"
    },
    "description": {
      "text": "Не мог бы ты принести мне лист бумаги? Я нарисую тебе карту."
    }
  },
  "complete": {
    "title": {
      "text": "Спасибо!"
    },
    "description": {
      "text": "Спасибо. Существо обитает в этом районе. Будь осторожен."
    }
  },
  "tasks": [
     {
      "item": {
	 "item": "minecraft:paper"
      },
      "id": "quest_giver:gift",
      "times": 1
     }
  ],
  "rewards": [
  {
      "command": "/loot give @p loot minecraft:miner2",
      "id": "quest_giver:command"
    }
  ]
}