{
  "parent": "quest_giver:root",
  "reputation": 16,
  "icon": "minecraft:iron_pickaxe",
  "start": {
    "title": {
      "text": "Помощь"
    },
    "description": {
      "text": "Большое спасибо... Мы с семьей были в поездке, пока не встретили этого... волка. Но он не вел себя как обычный волк. Он вел себя больше как... человек. Он побежал к нам сразу же как увидел нас, и... Я единственный, кто остался в живых. Это было 2 года назад, но я до сих пор помню место, где это произошло. Пожалуйста, убей это существо. Отомсти за мою семью."
    }
  }
}