{
"__comment": "Translated by Skyderlock. Other credits go to: bstylia14 and DawnCraft Developer Team",

  "parent": "quest_giver:root",
  "reputation": 0,
  "icon": "minecraft:arrow",
  "start": {
    "title": {
      "text": "Изготовление стрел"
    },
    "description": {
      "text": "Ты знаешь, что ель - лучшее дерево для изготовления стержня стрелы? Ну, не важно. Не мог бы ты принести мне еловые бревна? Мне нужно как минимум 4."
    }
  }
}