{
  "parent": "quest_giver:quest_0110_01",
  "reputation": 16,
  "icon": "minecraft:iron_sword",
  "start": {
    "title": {
      "text": "Так что?"
    },
    "description": {
      "text": "Ты уже уничтожил Пещерного инквизитора? Если да, принеси мне его дроп."
    }
  },
  "complete": {
    "title": {
      "text": "Спасибо!"
    },
    "description": {
      "text": "Странно представить, что у существа может быть такая естественная броня... Но я рад, что оно мертво. Вот, в качестве оплаты я научу тебя новому навыку - Поступь."
    }
  },
  "tasks": [
    {
      "item": {
        "item": "simple_mobs:dweller_armor_fragment"
      },
      "id": "quest_giver:gift",
      "times": 1
    }
  ],
  "rewards": [
    {
      "command": "/give @p epicfight:skillbook{skill:\"epicfight:step\"}",
      "id": "quest_giver:command"
    }
  ]
}