{
  "__comment": "Translated by Skyderlock. Other credits go to: bstylia14 and DawnCraft Developer Team",

  "parent": "quest_giver:root",
  "reputation": 16,
  "icon": "minecraft:bow",
  "start": {
    "title": {
      "text": "Помощь"
    },
    "description": {
      "text": "Рядом с нами обитает $(red)Пещерный инквизитор$(). Это чудовище чрезвычайно опасно... Наши священники считают, что однажды оно выйдет из своей пещеры и истребит нас всех... Ты можешь уничтожить это чудовище и принести мне $(red)части его тела$() в качестве доказательства?"
    }
  }
}