{
  "parent": "quest_giver:quest_0110_01b",
  "reputation": 16,
  "icon": "minecraft:iron_sword",
  "start": {
    "title": {
      "text": "Снова привет!"
    },
    "description": {
      "text": "Храбрый приключенец. Дай мне лист бумаги, чтобы я мог показать тебе, где находится это чудовище."
    }
  },
  "complete": {
    "title": {
      "text": "Вот."
    },
    "description": {
      "text": "Вот, священник дал нам эту информацию. Но я не уверен, насколько она точна. В любом случае, найди это чудовище, убей его и принеси то, что у него выпадет."
    }
  },
  "tasks": [
     {
      "item": {
	 "item": "minecraft:paper"
      },
      "id": "quest_giver:gift",
      "amount": 1
     }
  ],
  "rewards": [
    {
      "command": "/loot give @p loot minecraft:guard3",
      "id": "quest_giver:command"
    },
    {
      "command": "/gamestage add @p guard3 true",
      "id": "quest_giver:command"
    }    
  ]
}