{
"__comment": "Translated by Skyderlock. Other credits go to: bstylia14 and DawnCraft Developer Team",

  "parent": "quest_giver:root",
  "reputation": 1,
  "icon": "minecraft:wheat_seeds",
  "start": {
    "title": {
      "text": "Привет"
    },
    "description": {
      "text": "Мы с другом носим свои шляпы уже давно и они стали немного рваными. Мы хотим сделать новые, понимаешь... Не мог бы ты достать мне $(red)Тюк соломы$()?"
    }
  }
}