{
	"parent": "quest_giver:root",
	"reputation": 15,
	"icon": "minecraft:iron_sword",
	"start": {
		"title": {
			"text": "Что скажешь?"
		},
		"description": {
			"text": " Я могу научить тебя приему - Энергетическая защита за 15 изумрудов."
		}
	},
	"complete": {
		"title": {
			"text": "Спасибо!"
		},
		"description": {
			"text": "Совсем другое дело."
		}
	},
	"tasks": [{
		"item": {
			"item": "minecraft:emerald"
		},
      "id": "quest_giver:gift",
      "times": 15
	}],
	"rewards": [{
		"command": "give @p epicfight:skillbook{skill:\"epicfight:energizing_guard\"}",
		"id": "quest_giver:command"
	}]
}