{
  "parent": "quest_giver:root",
  "reputation": 5,
  "icon": "minecraft:iron_axe",
  "start": {
    "title": {
      "text": "Сделка"
    },
    "description": {
      "text": "Когда я был в измерении Незера, я нашел странную структуру с чудовищным големом, который живет внутри. Я покажу тебе, где это находится на карте, если ты дашь мне 6 изумрудов."
    }
  }
}