{
  "__comment": "Translated by Skyderlock. Other credits go to: bstylia14 and DawnCraft Developer Team",

  "parent": "quest_giver:quest_0115_01b",
  "reputation": 10,
  "icon": "minecraft:iron_axe",
  "start": {
    "title": {
      "text": "Сделка"
    },
    "description": {
      "text": "6 изумрудов, если хочешь, чтобы я показал тебе, где находится Чудовище в измерении Незера."
    }
  },
  "complete": {
    "title": {
      "text": "Спасибо!"
    },
    "description": {
      "text": "Вот твои изумруды, счастливой охоты! Помни, что эта карта будет работать только в Незере. Если ты раскроешь ее здесь, то получишь только пустую карту. Весьма запутанно, не правда ли?"
    }
  },
  "tasks": [
     {
      "item": {
	 "item": "minecraft:emerald"
      },
      "id": "quest_giver:gift",
      "amount": 6
     }
  ],
  "rewards": [
    {
      "item": {
        "item": "simple_mobs:rolled_map_1"
      },
      "id": "quest_giver:item",
      "times": 1
    }
  ]
}