{
  "__comment": "Translated by Skyderlock. Other credits go to: bstylia14 and DawnCraft Developer Team",

  "parent": "quest_giver:quest_0083_01b",
  "reputation": 13,
  "icon": "minecraft:iron_axe",
  "start": {
    "title": {
      "text": "Драгоценный предмет"
    },
    "description": {
      "text": "Пожалуйста, достань мне лист $(red)бумаги$()."
    }
  },
  "complete": {
    "title": {
      "text": "Спасибо!"
    },
    "description": {
      "text": "Вот, возьми, пожалуйста. Верни мне мой любимый топор. Это была моя лучшая работа."
    }
  },
  "tasks": [
     {
      "item": {
	 "item": "minecraft:paper"
      },
      "id": "quest_giver:gift",
      "times": 1
     }
  ],
  "rewards": [
    {
      "command": "/loot give @p loot minecraft:toolsmith1",
      "id": "quest_giver:command"
    }
  ]
}