{
  "parent": "quest_giver:root",
  "reputation": 13,
  "icon": "minecraft:iron_axe",
  "start": {
    "title": {
      "text": "Драгоценный предмет"
    },
    "description": {
      "text": "Не мог бы ты отправиться в какое-то место и найти для меня железный топор? Место было атаковано орками, поэтому мне пришлось бросить его... Подожди, принеси мне лист бумаги, я нарисую тебе карту."
    }
  }
}