{
	"parent": "quest_giver:quest_0083_01",
	"reputation": 13,
	"icon": "minecraft:iron_axe",
	"start": {
		"title": {
			"text": "Так что?"
		},
		"description": {
			"text": "Ты уже достал мой железный топор? Пожалуйста, поторопись."
		}
	},
	"complete": {
		"title": {
			"text": "Спасибо!"
		},
		"description": {
			"text": "ДА! Это тот топор, который я создал... Я никогда бы не смог повторить свой успех, знаешь ли. В общем, вот твоя награда. Я ценю твою помощь."
		}
	},
	"tasks": [{
		"item": {
			"item": "minecraft:iron_axe",
			"forge:nbt": "{tag:\"toolsmith\"}"
		},
		"id": "quest_giver:gift",
		"times": 1
	}],
	"rewards": [{
			"item": {
				"item": "minecraft:emerald"
			},
			"id": "quest_giver:item",
			"times": 2
		},
		{
			"command": "/addreputation reputation:villager @p 2",
			"id": "quest_giver:command"
		},
		{
			"command": "/give @p iron_axe{Enchantments:[{id:efficiency,lvl:2}]}",
			"id": "quest_giver:command"
		},
		{
			"command": "/advancement grant @p only custom:trade_toolsmith",
			"id": "quest_giver:command"
		}
	]
}