{
  "parent": "quest_giver:quest_0066_01b",
  "reputation": 24,
  "icon": "minecraft:leather",
  "start": {
    "title": {
      "text": "Так что?"
    },
    "description": {
      "text": "Ты уже нашел то, что я просил? $(red)2 куска меха черного медведя$()."
    }
  },
  "complete": {
    "title": {
      "text": "Спасибо!"
    },
    "description": {
      "text": "Спасибо. Вот, приятно иметь с тобой дело."
    }
  },
  "tasks": [
    {
      "item": {
        "item": "untamedwilds:hide_bear_black"
      },
      "id": "quest_giver:gift",
      "times": 2
    }
  ],
  "rewards": [
    {
      "command": "/advancement grant @p only custom:trade_leatherworker",
      "id": "quest_giver:command"
    },
    {
      "command": "/addreputation reputation:villager @p 2",
      "id": "quest_giver:command"
    },
    {
      "item": {
        "item": "minecraft:emerald"
      },
      "id": "quest_giver:item",
      "times": 8
    }
  ]
}