{
"__comment": "Translated by Skyderlock. Other credits go to: bstylia14 and DawnCraft Developer Team",

  "parent": "quest_giver:root",
  "reputation": 45,
  "icon": "minecraft:paper",
  "start": {
    "title": {
      "text": "Иностранные разбойники"
    },
    "description": {
      "text": "Можешь мне принести кусок бумаги? Я нарисую для тебя карту."
    }
  },
  "complete": {
    "title": {
      "text": "Вот."
    },
    "description": {
      "text": "Вот, группа иностранных разбойников построила место, где на карте отмечен маркер. Иди и срази их лидера."
    }
  },
  "tasks": [
     {
      "item": {
	 "item": "minecraft:paper"
      },
      "id": "quest_giver:gift",
      "amount": 1
     }
  ],
  "rewards": [
  {
      "command": "/loot give @p loot minecraft:cartographer1",
      "id": "quest_giver:command"
    }
  ]
}