{
"__comment": "Translated by Skyderlock. Other credits go to: bstylia14 and DawnCraft Developer Team",

  "reputation": 45,
  "icon": "minecraft:paper",
  "start": {
    "title": {
      "text": "Хей!"
    },
    "description": {
      "text": "Я слышал информацию о группе иностранных разбойников с восточной стороны, которые недавно пришли и начали грабить деревни. Если ты можешь мне принести кусок бумаги, я нарисую для тебя карту, чтобы указать их местоположение."
    }
  }
}