{
  "__comment": "Translated by Skyderlock. Other credits go to: bstylia14 and DawnCraft Developer Team",

  "parent": "quest_giver:root",
  "reputation": 12,
  "icon": "minecraft:redstone",
  "start": {
    "title": {
      "text": "Так что?"
    },
    "description": {
      "text": "Извини за недостаточно точное описание... Но проблема в том, что я сам не знаю, где находится этот замок и как он выглядит. Это замок жителей с механизмами Create, думаю, ты узнаешь его, когда увидишь."
    }
  },
  "complete": {
    "title": {
      "text": "Спасибо!"
    },
    "description": {
      "text": "Как это увлекательно! Однако, я не думаю, что жители построили это сами, у них нет инженера... Кто-то держит их там. В любом случае, огромное спасибо. Вот тебе печенька."
    }
  },
  "tasks": [
	{
	   "id": "afptweaks:advancement",
	   "advancement": "custom:castle"
	}
  ],
  "rewards": [
    {
      "item": {
        "item": "minecraft:cookie"
      },
      "id": "quest_giver:item",
      "times": 1
    },
    {
      "command": "/addreputation reputation:villager @p 2",
      "id": "quest_giver:command"
    }
  ]
}