{
  "reputation": 12,
  "icon": "minecraft:redstone",
  "start": {
    "title": {
      "text": "Хей!"
    },
    "description": {
      "text": "Приветствую, искатель приключений! Мне передавали, что некоторые из нашего народа переехали в индивидуальные замки с механизмами Create... Если ты когда-нибудь наткнешься на один из них, можешь рассказать мне, как там?"
    }
  }
}