{
	"parent": "quest_giver:quest_0068_01b",
	"reputation": 8,
	"icon": "minecraft:leather",
	"start": {
		"title": {
			"text": "Так что?"
		},
		"description": {
			"text": "Как идут приготовления $(red)Ветчины в медовой глазури$()?"
		}
	},
	"complete": {
		"title": {
			"text": "Спасибо!"
		},
		"description": {
			"text": "Это потрясающе, ты действительно талантливый кулинар. Прими это в знак благодарности."
		}
	},
	"tasks": [{
		"item": {
			"item": "farmersdelight:honey_glazed_ham_block"
		},
		"id": "quest_giver:gift",
		"times": 2
	}],
	"rewards": [{
			"command": "/advancement grant @p only custom:trade_leatherworker",
			"id": "quest_giver:command"
		},
		{
			"command": "/addreputation reputation:villager @p 3",
			"id": "quest_giver:command"
		},
		{
			"item": {
				"item": "minecraft:emerald"
			},
			"id": "quest_giver:item",
			"times": 2
		},
		{
			"item": {
				"item": "minecraft:leather"
			},
			"id": "quest_giver:item",
			"times": 2
		}
	]
}