{
"__comment": "Translated by Skyderlock. Other credits go to: bstylia14 and DawnCraft Developer Team",

  "parent": "quest_giver:root",
  "reputation": 8,
  "icon": "minecraft:leather",
  "start": {
    "title": {
      "text": "Помощь"
    },
    "description": {
      "text": "Отлично. Можешь приготовить блюдо под названием $(red)Ветчина в медовой глазури$()? Я и мои друзья умираем от желания попробовать это блюдо снова."
    }
  }
}