{
  "parent": "quest_giver:root",
  "reputation": 0,
  "icon": "minecraft:poppy",
  "start": {
    "title": {
      "text": "Так что?"
    },
    "description": {
      "text": "Ты уже принёс $(red)луковицу розового анемона$()?"
    }
  },
  "complete": {
    "title": {
      "text": "Спасибо!"
    },
    "description": {
      "text": "Спасибо большое."
    }
  },
  "tasks": [
     {
      "item": {
	 "item": "untamedwilds:anemone_rose_bulb"
      },
      "id": "quest_giver:gift",
      "times": 1
     }
  ],
  "rewards": [
    {
      "command": "/advancement grant @p only custom:trade_florist",
      "id": "quest_giver:command"
    },
    {
      "command": "/addreputation reputation:villager @p 1",
      "id": "quest_giver:command"
    },
    {
      "item": {
        "item": "minecraft:emerald"
      },
      "id": "quest_giver:item",
      "times": 1
    }
  ]
}