{
  "reputation": 10,
  "icon": "minecraft:cod",
  "start": {
    "title": {
      "text": "Хей!"
    },
    "description": {
      "text": "Хочешь научиться рыбачить? Это дело требует терпения, упорства и, самое главное, хорошего учителя! Я могу обучить тебя всем секретам рыболовства всего за 15 изумрудов. Ну, что скажешь?"
    }
  }
}