{
  "parent": "quest_giver:root",
  "reputation": 4,
  "icon": "minecraft:wheat_seeds",
  "start": {
    "title": {
      "text": "Так что?"
    },
    "description": {
      "text": "Пряности стали новым трендом в этой деревне... Я хочу вырастить самый острый перец и заработать на этом, ха-ха! Ты слышал о перце под названием 'призрачный перец', который можно найти в Незере? Ну, мне нужно, чтобы ты собрал $(red)3 этих призрачных перца$() и принес их мне."
    }
  }
}