{
"__comment": "Translated by Skyderlock. Other credits go to: bstylia14 and DawnCraft Developer Team",

  "parent": "quest_giver:quest_0055_01b",
  "reputation": 4,
  "icon": "minecraft:wheat_seeds",
  "start": {
    "title": {
      "text": "Ну?"
    },
    "description": {
      "text": "Ты уже сходил в Незер и достал $(red)Призрачный перец$()?"
    }
  },
  "complete": {
    "title": {
      "text": "Спасибо!"
    },
    "description": {
      "text": "Ой, он жжет мою руку! Это, точно, призрачный перец, ха-ха! Вот твоя награда."
    }
  },
  "tasks": [
    {
      "item": {
        "item": "nourished_nether:ghost_pepper"
      },
      "id": "quest_giver:gift",
      "times": 3
    }
  ],
  "rewards": [
    {
      "command": "/advancement grant @p only custom:trade_farmer",
      "id": "quest_giver:command"
    },
    {
      "command": "/addreputation reputation:villager @p 2",
      "id": "quest_giver:command"
    },
    {
      "item": {
        "item": "minecraft:emerald"
      },
      "id": "quest_giver:item",
      "times": 5
    }
  ]
}