{
  "__comment": "Translated by Skyderlock. Other credits go to: bstylia14 and DawnCraft Developer Team",

  "parent": "quest_giver:root",
  "reputation": 20,
  "icon": "minecraft:redstone",
  "start": {
    "title": {
      "text": "Помощь"
    },
    "description": {
      "text": "Спасибо, что выслушал мою просьбу. Ты знаком с башнями битв в этом измерении? Они везде по всему миру. Меня особенно интересуют башня земли и голем, который обитает внутри. Глаз стража, содержит огромную кинетическую энергию... Ты можешь помочь мне получить один для моих исследований?"
    }
  }
}