{
  "parent": "quest_giver:quest_0098_01b",
  "reputation": 20,
  "icon": "minecraft:redstone",
  "start": {
    "title": {
      "text": "Так что?"
    },
    "description": {
      "text": "Ты уже победил голема земли и получил $(red)Глаз Байрин'муула$()?"
    }
  },
  "complete": {
    "title": {
      "text": "Спасибо!"
    },
    "description": {
      "text": "О боги! Это один из самых удивительных предметов, которые я когда-либо видел. Это больше, чем я мог себе представить. Вот, возьми этот редстоун в качестве оплаты. Извини, но у меня сейчас нет изумрудов при себе."
    }
  },
  "tasks": [
     {
      "item": {
	 "item": "ba_bt:guardian_eye_land"
      },
      "id": "quest_giver:gift",
      "times": 1
     }
  ],
  "rewards": [
    {
      "item": {
        "item": "minecraft:redstone"
      },
      "id": "quest_giver:item",
      "times": 32
    },
    {
      "command": "/addreputation reputation:villager @p 2",
      "id": "quest_giver:command"
    }
  ]
}