{
  "parent": "quest_giver:root",
  "reputation": 0,
  "icon": "minecraft:beef",
  "start": {
    "title": {
      "text": "Дружеский разговор"
    },
    "description": {
      "text": "Ты знал, что разделочная доска может использоваться с ножом, чтобы нарезать большинство продуктов на более мелкие кусочки? Стоит попробовать не только с едой, но и с другими ресурсами, такими как бревна или снаряжение!"
    }
  }
}