{
"__comment": "Translated by Skyderlock. Other credits go to: bstylia14 and DawnCraft Developer Team",

  "parent": "quest_giver:quest_0053_01b",
  "reputation": 0,
  "icon": "minecraft:wheat_seeds",
  "start": {
    "title": {
      "text": "Так что?"
    },
    "description": {
      "text": "Ты принёс $(red)2 луковицы$()?"
    }
  },
  "complete": {
    "title": {
      "text": "Спасибо!"
    },
    "description": {
      "text": "Хорошая работа, малой. А теперь достань мне $(red)2 семечка арбуза$()?"
    }
  },
  "tasks": [
    {
      "item": {
        "item": "farmersdelight:onion"
      },
      "id": "quest_giver:gift",
      "times": 2
    }
  ]
}