{
  "parent": "quest_giver:quest_0053_03",
  "reputation": 0,
  "icon": "minecraft:wheat_seeds",
  "start": {
    "title": {
      "text": "Так что?"
    },
    "description": {
      "text": "Привет, ты принёс $(red)2 beetroots$()?"
    }
  },
  "complete": {
    "title": {
      "text": "Спасибо!"
    },
    "description": {
      "text": "Спасибо."
    }
  },
  "tasks": [
    {
      "item": {
        "item": "minecraft:beetroot"
      },
      "id": "quest_giver:gift",
      "times": 2
    }
  ]
}