{
"__comment": "Translated by Skyderlock. Other credits go to: bstylia14 and DawnCraft Developer Team",

  "parent": "quest_giver:quest_0053_05",
  "reputation": 0,
  "icon": "minecraft:wheat_seeds",
  "start": {
    "title": {
      "text": "Ну?"
    },
    "description": {
      "text": "Какой же ты нахал. Я ничего не говорил о вознаграждении, правда же? Убирайся отсюда, пацан, пока я не позвал стражу."
    }
  }
}