{
"__comment": "Translated by Skyderlock. Other credits go to: bstylia14 and DawnCraft Developer Team",

  "parent": "quest_giver:quest_0053_02",
  "reputation": 0,
  "icon": "minecraft:wheat_seeds",
  "start": {
    "title": {
      "text": "Так что?"
    },
    "description": {
      "text": "Ты принёс $(red)4 сладких ягоды$()?"
    }
  },
  "complete": {
    "title": {
      "text": "Спасибо!"
    },
    "description": {
      "text": "Ты молодец. Сделаешь мне еще одно одолжение? Мне нужно 2 свеклы... Я обещаю, это последнее, что я попрошу."
    }
  },
  "tasks": [
    {
      "item": {
        "item": "minecraft:sweet_berries"
      },
      "id": "quest_giver:gift",
      "times": 4
    }
  ]
}