{
"__comment": "Translated by Skyderlock. Other credits go to: bstylia14 and DawnCraft Developer Team",

  "parent": "quest_giver:quest_0053_01",
  "reputation": 0,
  "icon": "minecraft:wheat_seeds",
  "start": {
    "title": {
      "text": "Так что?"
    },
    "description": {
      "text": "Ты принёс $(red)2 семечка арбуза$()?"
    }
  },
  "complete": {
    "title": {
      "text": "Спасибо!"
    },
    "description": {
      "text": "Можешь еще достать мне 4 сладких ягоды? Жители, такие как я, не могут рисковать идти в лес собирать ягоды.   *Вы слышите, как житель хихикает, заканчивая свою фразу.*"
    }
  },
  "tasks": [
    {
      "item": {
        "item": "minecraft:melon_seeds"
      },
      "id": "quest_giver:gift",
      "times": 2
    }
  ]
}