{
"__comment": "Translated by Skyderlock. Other credits go to: bstylia14 and DawnCraft Developer Team",

  "parent": "quest_giver:root",
  "reputation": 5,
  "icon": "minecraft:wooden_sword",
  "start": {
    "title": {
      "text": "А ты знаешь?"
    },
    "description": {
      "text": "А ты знаешь? В этом измерении появились новые лица. Слухи говорят, что эти люди носят потрясающие доспехи и не ломающиеся мечи. Мне даже довелось взглянуть на дизайн их доспехов... Красиво, но не практично. Хороший молот может с легкостью пробить этот доспех, ха-ха!"
    }
  }
}