{
"__comment": "Translated by Skyderlock. Other credits go to: bstylia14 and DawnCraft Developer Team",

  "parent": "quest_giver:root",
  "reputation": 7,
  "icon": "minecraft:brewing_stand",
  "start": {
    "title": {
      "text": "Совет"
    },
    "description": {
      "text": "Просто совет... Хоть большинство людей здесь милы и добры, некоторые... не очень. Не верь всему, что говорят люди, хорошо?"
    }
  }
}