{
  "__comment": "Translated by Skyderlock. Other credits go to: bstylia14 and DawnCraft Developer Team",

  "parent": "quest_giver:root",
  "reputation": 50,
  "icon": "minecraft:ender_pearl",
  "start": {
    "title": {
      "text": "Помощь"
    },
    "description": {
      "text": "Существует скрытое создание, живущее в глубинах измерения Края - Пустотный Червь. Его можно призвать, бросив личинку в бездну края. Личинку можно создать, бросив личинка багрового комара в капсид эндериофага."
    }
  }
}