{
  "__comment": "Translated by Skyderlock. Other credits go to: bstylia14 and DawnCraft Developer Team",

  "parent": "quest_giver:quest_0119_01b",
  "reputation": 16,
  "icon": "minecraft:iron_pickaxe",
  "start": {
    "title": {
      "text": "Сердце дракона"
    },
    "description": {
      "text": "Однажды мне удалось лицезреть этих ледяных драконов. Ужасающие создания... Но их величественная эссенция такая загадочная, что я нахожу её довольно любопытной. Мне просто необходимо исследовать элементы, содержащиеся внутри них."
    }
  },
  "complete": {
    "title": {
      "text": "Благодарю!"
    },
    "description": {
      "text": "Великолепно! Вот ваша награда. Теперь мне нужно начать свои исследования."
    }
  },
  "tasks": [
    {
      "item": {
        "item": "simple_mobs:icedragon_heart"
      },
      "id": "quest_giver:gift",
      "times": 1
    }
  ],
  "rewards": [
    {
      "item": {
        "item": "paraglider:spirit_orb"
      },
      "id": "quest_giver:item",
      "times": 2
    },
    {
      "command": "/advancement grant @p only custom:trade_oceanographer",
      "id": "quest_giver:command"
    }
  ]
}