{
	"parent": "quest_giver:root",
	"reputation": 16,
	"icon": "minecraft:iron_pickaxe",
	"start": {
		"title": {
			"text": "Сердце дракона"
		},
		"description": "Недавно я повстречал причудливого шахтера, который предложил мне 2 сферы духа за карту океанского монумента... Я отдал ему карту и получил эти весьма бесполезные побрякушки, теперь же я хочу сей непременно избавиться от них. Смелый искатель приключений, вы могли бы достать для меня сердце $(red)Ледяного Дракона$()? Оно бесценно для моих исследований... Я дам вам время на раздумья."
	}
}