{
  "__comment": "Translated by Skyderlock. Other credits go to: bstylia14 and DawnCraft Developer Team",

  "parent": "quest_giver:root",
  "reputation": 5,
  "icon": "minecraft:iron_axe",
  "start": {
    "title": {
      "text": "Сделка"
    },
    "description": {
      "text": "Ты слышал о легендарном существе - Игнисе? Говорят, что оно ещё сильнее, чем... Огненный великан. Если хочешь вызвать его, тебе нужно получить определенные материалы в Незере. Я могу показать тебе, где эти материалы могут быть найдены... за определенную цену. 4 изумруда, чтобы быть точным."
    }
  }
}