{
  "__comment": "Translated by Skyderlock. Other credits go to: bstylia14 and DawnCraft Developer Team",

  "parent": "quest_giver:quest_0116_01b",
  "reputation": 10,
  "icon": "minecraft:iron_axe",
  "start": {
    "title": {
      "text": "Сделка"
    },
    "description": {
      "text": "4 изумруда, и я покажу тебе, где можно найти материалы для вызова Игниса."
    }
  },
  "complete": {
    "title": {
      "text": "Спасибо!"
    },
    "description": {
      "text": "Вот они. Не вызывай эту тварь рядом с этой деревней. И помни, что эта карта будет работать только, если открыть ее в измерении Незера. Развернутая здесь, она будет пустой. Не спрашивай меня почему... Я без понятия."
    }
  },
  "tasks": [
     {
      "item": {
	 "item": "minecraft:emerald"
      },
      "id": "quest_giver:gift",
      "amount": 4
     }
  ],
  "rewards": [
    {
      "item": {
        "item": "simple_mobs:rolled_map_2"
      },
      "id": "quest_giver:item",
      "times": 1
    }
  ]
}