{
  "parent": "quest_giver:root",
  "reputation": 16,
  "icon": "minecraft:iron_pickaxe",
  "start": {
    "title": {
      "text": "Помощь"
    },
    "description": {
      "text": "Я встретил призрака пока копал в шахте... Это была ужасная ночь, толпы чудовищ появлялись вокруг меня, но этот добрый дух защищал меня от всех монстров, которые попадались мне на пути. Прежде чем я уехал в деревню, дух сказал мне искать и приводить к нему искателей приключений."
    }
  }
}