{
  "parent": "quest_giver:quest_0065_01b",
  "reputation": 7,
  "icon": "minecraft:arrow",
  "start": {
    "title": {
      "text": "Стрелы с эффектом"
    },
    "description": {
      "text": "Ты уже забыл? Я просил $(red)12 светокаменной пыли$()."
    }
  },
  "complete": {
    "title": {
      "text": "Спасибо!"
    },
    "description": {
      "text": "Спасибо! Вот возьми эти стрелы в качестве оплаты."
    }
  },
  "tasks": [
    {
      "item": {
        "item": "minecraft:glowstone_dust"
      },
      "id": "quest_giver:gift",
      "times": 12
    }
  ],
  "rewards": [
    {
      "command": "/addreputation reputation:villager @p 2",
      "id": "quest_giver:command"
    },
    {
      "item": {
        "item": "minecraft:arrow"
      },
      "id": "quest_giver:item",
      "times": 35
    }
  ]
}