{
"__comment": "Translated by Skyderlock. Other credits go to: bstylia14 and DawnCraft Developer Team",

  "parent": "quest_giver:quest_0027_01b",
  "reputation": 20,
  "icon": "minecraft:iron_ingot",
  "start": {
    "title": {
      "text": "Охота на духов"
    },
    "description": {
      "text": "Ты еще не смог победить $(red)5 Одержимых Доспехов$()? Ну, старайся усерднее, ха-ха!"
    }
  },
  "complete": {
    "title": {
      "text": "Вот, держи."
    },
    "description": {
      "text": "Ха-ха, ты это сделал! Ты смелый искатель приключений, мне это нравится! Вот твоя полностью заслуженная награда!"
    }
  },
  "tasks": [ 
    {
      "entity": "dannys_expansion:hollow_armor",
      "id": "quest_giver:kill",
      "times": 5
    }
  ],
  "rewards": [
    {
      "item": {
        "item": "minecraft:emerald"
      },
      "id": "quest_giver:item",
      "times": 5
    },
    {
      "command": "/addreputation reputation:villager @p 2",
      "id": "quest_giver:command"
    },
    {
      "command": "/advancement grant @p only custom:trade_armorer",
      "id": "quest_giver:command"
    }
  ]
}