{
"__comment": "Translated by Skyderlock. Other credits go to: bstylia14 and DawnCraft Developer Team",

  "parent": "quest_giver:root",
  "reputation": 20,
  "icon": "minecraft:iron_ingot",
  "start": {
    "title": {
      "text": "Охота на духов"
    },
    "description": {
      "text": "В измерении проявляются духи во многих формах. Иногда они овладевают предметами, мечами и даже броней! Попробуй сразить $(red)5 одержимых... или пустых доспехов$(), называй как хочешь, и я щедро вознагражу тебя за твою храбрость. Ну как тебе предложение?"
    }
  }
}