{
  "parent": "quest_giver:root",
  "reputation": 7,
  "icon": "minecraft:brewing_stand",
  "start": {
    "title": {
      "text": "Совет"
    },
    "description": {
      "text": "Ты знаешь, что Ледочрев украл Ледяное Око у йети охранявшего его! Я уже слышал эту историю от нескольких путешественников, так что это должно быть правдой... Наш мир полон хаоса и беспорядка."
    }
  }
}