{
"__comment": "Translated by Skyderlock. Other credits go to: bstylia14 and DawnCraft Developer Team",

  "parent": "quest_giver:root",
  "reputation": 15,
  "icon": "minecraft:ancient_debris",
  "start": {
    "title": {
      "text": "Доставка обломков"
    },
    "description": {
      "text": "Ты уже достал $(red)древние обломки$()?" 
    }
  },
  "complete": {
    "title": {
      "text": "Спасибо!"
    },
    "description": {
      "text": "Это... это удивительно! Вот, возьми мои изумруды."
    }
  },
  "tasks": [
     {
      "item": {
	 "item": "minecraft:ancient_debris"
      },
      "id": "quest_giver:gift",
      "times": 1
     }
  ],
  "rewards": [
    {
      "command": "/advancement grant @p only custom:trade_mason",
      "id": "quest_giver:command"
    },
    {
      "command": "/addreputation reputation:villager @p 2",
      "id": "quest_giver:command"
    },
    {
      "item": {
        "item": "minecraft:emerald"
      },
      "id": "quest_giver:item",
      "times": 6
    }
  ]
}