{
"__comment": "Translated by Skyderlock. Other credits go to: bstylia14 and DawnCraft Developer Team",

  "reputation": 15,
  "icon": "minecraft:stone",
  "start": {
    "title": {
      "text": "Хей!"
    },
    "description": {
      "text": "Можешь ли ты добыть для меня $(red)древнее обломки$()? Я никогда не имел возможности работать с таким качественным материалом... Я готов заплатить за это высокую цену!"
    }
  }
}