{
"__comment": "Translated by Skyderlock. Other credits go to: bstylia14 and DawnCraft Developer Team",

  "parent": "quest_giver:root",
  "reputation": 10,
  "icon": "minecraft:stone",
  "start": {
    "title": {
      "text": "Я - каменьшик"
    },
    "description": {
      "text": "Хм... хорошо. Дай мне 15 изумрудов, если хочешь научиться пользоваться камнерезом."
    }
  },
  "complete": {
    "title": {
      "text": "Спасибо!"
    },
    "description": {
      "text": "Совсем другое дело!"
    }
  },
  "tasks": [
    {
      "item": {
        "item": "minecraft:emerald"
      },
      "id": "quest_giver:gift",
      "times": 15
    }
  ],
  "rewards": [
    {
      "command": "/pmmo admin @p add woodcutting level 1",
      "id": "quest_giver:command"
    }
  ]
}