{
  "parent": "quest_giver:root",
  "reputation": 16,
  "icon": "minecraft:iron_pickaxe",
  "start": {
    "title": {
      "text": "Карта к Стражу Края"
    },
    "description": {
      "text": "Ничего не бывает бесплатно, друг мой. Дай мне 5 изумрудов, и я дам тебе направление к Стражу Края."
    }
  },
  "complete": {
    "title": {
      "text": "Спасибо!"
    },
    "description": {
      "text": "Отлично, держи. Помни, не открывай эту карту, пока ты не окажешься в Краю. Не говори, что я не предупреждал тебя."
    }
  },
  "tasks": [
    {
      "item": {
        "item": "minecraft:emerald"
      },
      "id": "quest_giver:gift",
      "times": 5
    }
  ],
  "rewards": [
    {
      "item": {
        "item": "simple_mobs:rolled_map_3"
      },
      "id": "quest_giver:item",
      "times": 1
    },
    {
      "command": "/gamestage add @p enderian1 true",
      "id": "quest_giver:command"
    }
  ]
}