{
	"__comment": "Translated by Skyderlock. Other credits go to: bstylia14 and DawnCraft Developer Team",

	"parent": "quest_giver:quest_0109_01",
	"reputation": 6,
	"icon": "minecraft:iron_sword",
	"start": {
		"title": {
			"text": "Украденный ребёнок"
		},
		"description": {
			"text": "Пожалуйста, спаси ребенка. Приведи его домой."
		}
	},
	"complete": {
		"title": {
			"text": "Украденный ребёнок: Завершено"
		},
		"description": {
			"text": "Удивительно! Ты это сделал! Если честно, я не был оптимистичен насчет выживания ребенка... Вот, я научу тебя новому навыку - Мастер меча. Это единственный способ, которым я могу тебе отблагодарить."
		}
	},
	"tasks": [{
		"id": "afptweaks:follow_quest",
		"structure": "#minecraft:village"
	}],
	"rewards": [{
			"command": "/give @p epicfight:skillbook{skill:\"epicfight:swordmaster\"}",
			"id": "quest_giver:command"
		},
		{
			"command": "/addreputation reputation:villager @p 2",
			"id": "quest_giver:command"
		}
	]
}