{
  "parent": "quest_giver:root",
  "reputation": 6,
  "icon": "minecraft:bow",
  "start": {
    "title": {
      "text": "Помощь"
    },
    "description": {
      "text": "Разбойники, которые основали свою базу рядом с нашей деревней, украли ребенка... Числа стражников в деревне недостаточно для того, чтобы ринуться спасать ребенка. Если ты можешь помочь, пожалуйста, принеси мне лист бумаги. Я покажу тебе, где они находятся."
    }
  }
}