{
  "parent": "quest_giver:quest_0109_01b",
  "reputation": 6,
  "icon": "minecraft:iron_sword",
  "start": {
    "title": {
      "text": "Снова здравствуй!"
    },
    "description": {
      "text": "Если ты готов спасти ребенка, дай мне лист бумаги, я нарисую тебе карту."
    }
  },
  "complete": {
    "title": {
      "text": "Вот."
    },
    "description": {
      "text": "Преступники обосновали свою базу здесь. Ребенок должен быть все еще с ними... Пожалуйста, поторопись. Приведи его к нам!"
    }
  },
  "tasks": [
     {
      "item": {
	 "item": "minecraft:paper"
      },
      "id": "quest_giver:gift",
      "amount": 1
     }
  ],
  "rewards": [
    {
      "command": "/loot give @p loot minecraft:guard2",
      "id": "quest_giver:command"
    },
    {
      "command": "/gamestage add @p guard2 true",
      "id": "quest_giver:command"
    }    
  ]
}