{
  "__comment": "Translated by Skyderlock. Other credits go to: bstylia14 and DawnCraft Developer Team",

  "parent": "quest_giver:root",
  "reputation": 2,
  "icon": "minecraft:white_wool",
  "start": {
    "title": {
      "text": "Пшеницу пожалуйста!"
    },
    "description": {
      "text": "Ты достал $(red)2 пшеницы$()? Ее должно быть достаточно на ферме."
    }
  },
  "complete": {
    "title": {
      "text": "Спасибо!"
    },
    "description": {
      "text": "Спасибо. У меня нет много, чтобы дать тебе... ты примешь эту шерсть?"
    }
  },
  "tasks": [
     {
      "item": {
	 "item": "minecraft:wheat"
      },
      "id": "quest_giver:gift",
      "times": 2
     }
  ],
  "rewards": [
    {
      "item": {
        "item": "minecraft:white_wool"
      },
      "id": "quest_giver:item",
      "times": 2
    },
    {
      "command": "/addreputation reputation:villager @p 1",
      "id": "quest_giver:command"
    },
    {
      "command": "/advancement grant @p only custom:trade_shepherd",
      "id": "quest_giver:command"
    }
  ]
}