{
"__comment": "Translated by Skyderlock. Other credits go to: bstylia14 and DawnCraft Developer Team",

  "parent": "quest_giver:root",
  "reputation": 7,
  "icon": "minecraft:beef",
  "start": {
    "title": {
      "text": "Экзотическое мясо"
    },
    "description": {
      "text": "У нас в деревне обычно готовят только обычные виды мяса. Я слышал, что есть существа, называемые кенгуру, у которых на хвосте сочное и нежное мясо. Можешь достать мне кусок этого мяса и показать мне их шкуру."
    }
  }
}