{
  "parent": "quest_giver:quest_0033_01b",
  "reputation": 7,
  "icon": "minecraft:beef",
  "start": {
    "title": {
      "text": "Экзотическое мясо"
    },
    "description": {
      "text": "Ты принёс$(red) мясо и шкуру кенгуру$()?"
    }
  },
  "complete": {
    "title": {
      "text": "Чудесно!"
    },
    "description": {
      "text": "Ахх... вот какое мясо у кенгуру. Действительно нежный кусок мяса... Шкура, с другой стороны, не так хороша, как обычная кожа, которую мы используем. Хороший трофей, кстати... Большое спасибо, искатель приключений. У меня не так много, чтобы дать тебе... Возьми эти куски говядины. Тушка пришла только сегодня, так что она свежая!"
    }
  },
  "tasks": [
    {
      "item": {
        "item": "alexsmobs:kangaroo_meat"
      },
      "id": "quest_giver:gift",
      "amount": 1
    },
    {
      "item": {
        "item": "alexsmobs:kangaroo_hide"
      },
      "id": "quest_giver:gift",
      "amount": 1
    }
  ],
  "rewards": [
    {
      "item": {
        "item": "minecraft:beef"
      },
      "id": "quest_giver:item",
      "times": 4
    },
    {
      "command": "/addreputation reputation:villager @p 1",
      "id": "quest_giver:command"
    }
  ]
}