{
  "parent": "quest_giver:root",
  "reputation": 10,
  "icon": "minecraft:bow",
  "start": {
    "title": {
      "text": "Ну?"
    },
    "description": {
      "text": "Ты получил $(red)16 стрел$() у лучника? Я заплачу тебе за них."
    }
  },
  "complete": {
    "title": {
      "text": "Спасибо!"
    },
    "description": {
      "text": "Спасибо, ты мой спаситель! Я не особо знаком с местным лучником, поэтому мне было неловко просить..."
    }
  },
  "tasks": [
     {
      "item": {
	 "item": "minecraft:arrow"
      },
      "id": "quest_giver:item_stack",
      "amount": 16
     }
  ],
  "rewards": [
    {
      "item": {
        "item": "minecraft:emerald"
      },
      "id": "quest_giver:item",
      "times": 3
    },
    {
      "command": "/advancement grant @p only custom:trade_hunter",
      "id": "quest_giver:command"
    },
    {
      "command": "/addreputation reputation:villager @p 1",
      "id": "quest_giver:command"
    }
  ]
}