{
"__comment": "Translated by Skyderlock. Other credits go to: bstylia14 and DawnCraft Developer Team",

  "parent": "quest_giver:root",
  "reputation": 25,
  "icon": "minecraft:brewing_stand",
  "start": {
    "title": {
      "text": "Так что?"
    },
    "description": {
      "text": "Мне нужна твоя помощь, чтобы достать шляпу ведьмы, любая подойдет. Шляпа - редкий предмет, выпадающий с ведьм при смерти."
    }
  },
  "complete": {
    "title": {
      "text": "Спасибо!"
    },
    "description": {
      "text": "ТЫ ГЛУПЕЦ! ПРИШЛО ВРЕМЯ ГИБЕЛИ! Я ГОТОВ ПРИНЕСТИ СЕБЯ В ЖЕРТВУ, ЧТОБЫ УНИЧТОЖИТЬ ЭТОУ ДЕРЕВНЮ!"
    }
  },
  "tasks": [
    {
      "item": {
        "item": "biomemakeover:witch_hat"
      },
      "id": "quest_giver:gift",
      "times": 1
    }
  ],
  "rewards": [
    {
      "command": "/advancement grant @p only custom:tricked/tricked",
      "id": "quest_giver:command"
    },
    {
      "command": "/execute as @a[advancements={custom:tricked/tricked=true},sort=nearest,limit=1] run function witch:start_witch_raid",
      "id": "quest_giver:command"
    }
  ]
}