{
"__comment": "Translated by Skyderlock. Other credits go to: bstylia14 and DawnCraft Developer Team",

  "parent": "quest_giver:quest_0048_01",
  "reputation": 25,
  "icon": "minecraft:brewing_stand",
  "start": {
    "title": {
      "text": "Так что?"
    },
    "description": {
      "text": "ХАХАХА! КИСЛОТНЫЙ ДОЖДЬ!"
    }
  },
  "complete": {
    "title": {
      "text": "Спасибо!"
    },
    "description": {
      "text": "Отличная работа. Ты настоящий герой. Это ты хотел услышать?"
    }
  },
  "tasks": [
    {
		"id": "afptweaks:advancement",
		"advancement": "custom:begone_witch/begone_witch"
    }
  ],
  "rewards": [
    {
      "command": "/advancement revoke @p only custom:tricked/tricked",
      "id": "quest_giver:command"
    },
    {
      "item": {
        "item": "minecraft:dirt"
      },
      "id": "quest_giver:item",
      "times": 1
    }
  ]
}