{
  "parent": "quest_giver:quest_0048_03b",
  "reputation": 25,
  "icon": "minecraft:brewing_stand",
  "start": {
    "title": {
      "text": "Так что?"
    },
    "description": {
      "text": "Убей трех стражников деревни и вернись ко мне. Не позволяй другим видеть тебя. Если твоя репутация будет слишком низкой, я не буду с тобой разговаривать... По очевидным причинам."
    }
  },
  "complete": {
    "title": {
      "text": "Спасибо!"
    },
    "description": {
      "text": "Ха-ха-ха... Ты коварный человек. Вот, так этим пользуются. Оставайся вредным!"
    }
  },
  "tasks": [
    {
      "entity": "guardvillagers:guard",
      "id": "quest_giver:kill",
      "times": 3
    }
  ],
  "rewards": [
    {
      "command": "/pmmo admin @p add slayer level 1",
      "id": "quest_giver:command"
    }
  ]
}