{
  "parent": "quest_giver:quest_0048_02",
  "reputation": 25,
  "icon": "minecraft:brewing_stand",
  "start": {
    "title": {
      "text": "Стражники"
    },
    "description": {
      "text": "Хочешь еще чего-то, 'герой'? Хочешь научиться пользоваться мешалкой? Убей для меня трех стражников деревни. Мне нужна их жертва для... Ну, это не твое дело. Просто убей троих. Тихих, не выбирай болтливых, которые дают тебе задания. И делай это скрытно... если сможешь. Я не хочу быть связанным с убийством."
    }
  }
}