{
  "parent": "quest_giver:root",
  "reputation": 14,
  "icon": "minecraft:log",
  "start": {
    "title": {
      "text": "Так что?"
    },
    "description": {
      "text": "Мне нужен $(red)железный топор$(), чтобы работать!"
    }
  },
  "complete": {
    "title": {
      "text": "Спасибо!"
    },
    "description": {
      "text": "Спасибо. Вот, 4 изумруда достаточно?"
    }
  },
  "tasks": [
     {
      "item": {
	 "item": "minecraft:iron_axe"
      },
      "id": "quest_giver:gift",
      "amount": 1
     }
  ],
  "rewards": [
    {
      "command": "/addreputation reputation:village @p 1",
      "id": "quest_giver:command"
    },
    {
      "item": {
        "item": "minecraft:emerald"
      },
      "id": "quest_giver:item",
      "times": 2
    }
  ]
}