{
"__comment": "Translated by Skyderlock. Other credits go to: bstylia14 and DawnCraft Developer Team",

  "parent": "quest_giver:root",
  "reputation": 14,
  "icon": "minecraft:cod",
  "start": {
    "title": {
      "text": "Любопытная просьба"
    },
    "description": {
      "text": "Отлично. Суть в том, что Океанолог рассказал мне о существах в море, которые называются стражами... Мне трудно в это поверить, так как я никогда не встречал ничего подобного вокруг побережья. Если ты когда-нибудь наткнешься на такого и решишь его убить, можешь дать мне один из его $(red)шипов$() в качестве доказательства их существования? Я слышал, что шипы падают только с большого стража при его смерти."
    }
  }
}