{
  "parent": "quest_giver:quest_0056_01b",
  "reputation": 14,
  "icon": "minecraft:cod",
  "start": {
    "title": {
      "text": "Любопытная просьба"
    },
    "description": {
      "text": "Нашел $(red)больших стражей$()? Если да, то дай мне их шип."
    }
  },
  "complete": {
    "title": {
      "text": "Спасибо!"
    },
    "description": {
      "text": "Это... невероятно. Океан полон тайн... Я также слышал истории о гигантских кальмарах, наверное, они тоже правдивы. В любом случае, вот твоя награда. Спасибо за это."
    }
  },
  "tasks": [
    {
      "item": {
        "item": "progressivebosses:elder_guardian_spike"
      },
      "id": "quest_giver:gift",
      "times": 1
    }
  ],
  "rewards": [
    {
      "command": "/addreputation reputation:villager @p 2",
      "id": "quest_giver:command"
    },
    {
      "item": {
        "item": "minecraft:emerald"
      },
      "id": "quest_giver:item",
      "times": 5
    }
  ]
}