{
"__comment": "Translated by Skyderlock. Other credits go to: bstylia14 and DawnCraft Developer Team",

	"parent": "quest_giver:quest_0073_01b",
	"reputation": 8,
	"icon": "minecraft:book",
	"start": {
		"title": {
			"text": "Знания в лесоводстве"
		},
		"description": {
			"text": "Три вида листьев, которые нужно собрать: $(red)Сумеречных листьев, Кленовых листьев и Звездных листьев$()."
		}
	},
	"complete": {
		"title": {
			"text": "Спасибо!"
		},
		"description": {
			"text": "Это удивительно! Как это возможно, что растения, растущие в совершенно разных условиях, имеют общие черты? Вот твоя награда."
		}
	},
	"tasks": [{
			"item": {
				"item": "blue_skies:dusk_leaves"
			},
			"id": "quest_giver:gift",
			"times": 1
		},
		{
			"item": {
				"item": "blue_skies:maple_leaves"
			},
			"id": "quest_giver:gift",
			"amount": 1
		},
		{
			"item": {
				"item": "blue_skies:starlit_leaves"
			},
			"id": "quest_giver:gift",
			"amount": 1
		}
	],
	"rewards": [{
			"command": "/advancement grant @p only custom:trade_librarian",
			"id": "quest_giver:command"
		},
		{
			"command": "/addreputation reputation:villager @p 3",
			"id": "quest_giver:command"
		},
		{
			"item": {
				"item": "ars_nouveau:source_gem"
			},
			"id": "quest_giver:item",
			"times": 20
		}
	]
}