{
  "parent": "quest_giver:root",
  "reputation": 8,
  "icon": "minecraft:book",
  "start": {
    "title": {
      "text": "Знания в лесоводстве"
    },
    "description": {
      "text": "Спасибо, что выслушал мою просьбу. Я недавно заинтересовался лесоводством, и поэтому изучал многое о деревьях в нашем измерении; однако, кажется, в других измерениях, таких как Эвербрайт и Эвердоун, есть и другие удивительные виды деревьев. Можешь собрать мне по одному блоку $(red)Сумеречных листьев, Кленовых листьев и Звездных листьев$() для моих исследований?"
    }
  }
}