{
    "__comment": "Made with TheDestruc7i0n's advancements generator: https://advancements.thedestruc7i0n.ca",
    "display": {
        "title": {
            "text": "DawnCraft"
        },
        "description": {
            "text": "Успешно отразите нападение ведьм."
        },
        "icon": {
            "item": "minecraft:stone_sword"
        },
        "frame": "task",
        "show_toast": false,
        "announce_to_chat": false,
        "hidden": true,
        "background": "dawncraft:textures/block/stone_door.png"
    },
    "criteria": {
        "Start": {
            "trigger": "minecraft:impossible"
        }
    }

}