{
    "__comment": "Made with TheDestruc7i0n's advancements generator: https://advancements.thedestruc7i0n.ca",
    "display": {
        "title": {
            "text": "Красная гниль...",
            "color": "yellow",
            "bold": true
        },
        "description": {
            "text": "Найдите пепельные пустоши."
        },
        "icon": {
            "item": "minecraft:bone_meal"
        },
        "frame": "task",
        "show_toast": true,
        "announce_to_chat": true,
        "hidden": false
    },
    "criteria": {
        "Start": {
            "trigger": "minecraft:impossible"
        }
    },
    "parent": "custom:root"
// Translated by Skyderlock. Other credits go to: bstylia14 and DawnCraft Devoloper Team
}