{
    "__comment": "Made with TheDestruc7i0n's advancements generator: https://advancements.thedestruc7i0n.ca",
    "display": {
        "title": {
            "text": "Контракт охотников!",
            "color": "blue",
            "bold": true
        },
        "description": {
            "text": "Получите торговый контракт с охотниками."
        },
        "icon": {
            "item": "minecraft:paper"
        },
        "frame": "task",
        "show_toast": true,
        "announce_to_chat": true,
        "hidden": false
    },
    "criteria": {
        "Start": {
            "trigger": "minecraft:impossible"
        }
    },
    "parent": "custom:root"
}