{
"__comment": "Translated by Skyderlock. Other credits go to: bstylia14 and DawnCraft Developer Team",

  "parent": "quest_giver:quest_0069_01b",
  "reputation": 0,
  "icon": "minecraft:leather",
  "start": {
    "title": {
      "text": "Так что?"
    },
    "description": {
      "text": "Ты достал $(red)кроличью шкуру$()?"
    }
  },
  "complete": {
    "title": {
      "text": "Спасибо!"
    },
    "description": {
      "text": "Спасибо, эти маленькие ребята слишком быстры для меня."
    }
  },
  "tasks": [
    {
      "item": {
        "item": "minecraft:rabbit_hide"
      },
      "id": "quest_giver:gift",
      "times": 1
    }
  ],
  "rewards": [
    {
      "command": "/advancement grant @p only custom:trade_leatherworker",
      "id": "quest_giver:command"
    },
    {
      "command": "/addreputation reputation:villager @p 1",
      "id": "quest_giver:command"
    },
    {
      "item": {
        "item": "minecraft:emerald"
      },
      "id": "quest_giver:item",
      "times": 1
    }
  ]
}