{
	"parent": "quest_giver:root",
	"reputation": 24,
	"icon": "minecraft:stone",
	"start": {
		"title": {
			"text": "Камни из другого измерения"
		},
		"description": {
			"text": "Уже достал $(red)бирюзовый камень$()? Их можно найти в измерении Эвербрайт."
		}
	},
	"complete": {
		"title": {
			"text": "Спасибо!"
		},
		"description": {
			"text": "Хм... Качество не плохое. Я найду ему применение, спасибо!"
		}
	},
	"tasks": [{
		"item": {
			"item": "blue_skies:turquoise_stone"
		},
		"id": "quest_giver:gift",
		"times": 1
	}],
	"rewards": [{
			"command": "/advancement grant @p only custom:trade_mason",
			"id": "quest_giver:command"
		},
		{
			"command": "/addreputation reputation:village @p 2",
			"id": "quest_giver:command"
		},
		{
			"item": {
				"item": "minecraft:emerald"
			},
			"id": "quest_giver:item",
			"times": 1
		}
	]
}