{
  "parent": "quest_giver:root",
  "reputation": 7,
  "icon": "minecraft:iron_sword",
  "start": {
    "title": {
      "text": "Работа по приготовлению еды"
    },
    "description": {
      "text": "Можешь приготовить мне блюдо под названием $(red)Паста с рубленой бараниной$()?"
    }
  },
  "complete": {
    "title": {
      "text": "Спасибо!"
    },
    "description": {
      "text": "Мммм! Это выглядит восхитительно, я сохраню это на потом. Спасибо."
    }
  },
  "tasks": [
     {
      "item": {
	 "item": "farmersdelight:pasta_with_mutton_chop"
      },
      "id": "quest_giver:gift",
      "times": 1
     }
  ],
  "rewards": [
    {
      "item": {
        "item": "minecraft:emerald"
      },
      "id": "quest_giver:item",
      "times": 2
    },
    {
      "command": "/advancement grant @p only custom:trade_weaponsmith",
      "id": "quest_giver:command"
    },
    {
      "command": "/addreputation reputation:villager @p 2",
      "id": "quest_giver:command"
    }
  ]
}