{
"__comment": "Translated by Skyderlock. Other credits go to: bstylia14 and DawnCraft Developer Team",

  "parent": "quest_giver:root",
  "reputation": 0,
  "icon": "minecraft:poppy",
  "start": {
    "title": {
      "text": "Так что?"
    },
    "description": {
      "text": "Пожалуйста, принеси мне лук как можно скорее."
    }
  },
  "complete": {
    "title": {
      "text": "Спасибо!"
    },
    "description": {
      "text": "Спасибо тебе, теперь я снова могу выйти на охоту!"
    }
  },
  "tasks": [
     {
      "item": {
	 "item": "minecraft:bow"
      },
      "id": "quest_giver:gift",
      "times": 1
     }
  ],
  "rewards": [
    {
      "command": "/advancement grant @p only custom:trade_hunter",
      "id": "quest_giver:command"
    },
    {
      "command": "/addreputation reputation:villager @p 1",
      "id": "quest_giver:command"
    },
    {
      "item": {
        "item": "minecraft:rabbit_foot"
      },
      "id": "quest_giver:item",
      "times": 2
    }
  ]
}