{
  "parent": "quest_giver:root",
  "reputation": 52,
  "icon": "minecraft:ender_pearl",
  "start": {
    "title": {
      "text": "Помощь"
    },
    "description": {
      "text": "Есть блюдо, которое называется 'Эннегелевая паста'. Его можно приготовить только из ингредиентов, найденных в измерении Края... Пожалуйста, собери все необходимые ресурсы и приготовь одно для меня."
    }
  }
}