{
  "parent": "quest_giver:quest_0094_01b",
  "reputation": 52,
  "icon": "minecraft:ender_pearl",
  "start": {
    "title": {
      "text": "Так что?"
    },
    "description": {
      "text": "Вернись ко мне, когда приготовишь $(red)'Эннегелевую пасту'$(). Я щедро заплачу за это."
    }
  },
  "complete": {
    "title": {
      "text": "Спасибо!"
    },
    "description": {
      "text": "Этот вкус...! Спасибо тебе, искатель приключений, ты не представляешь, насколько я благодарен. Вот, возьми это. Это катана, выкованная с помощью эндер-энергии. Я сомневаюсь, что есть оружие сильнее этого."
    }
  },
  "tasks": [
    {
      "item": {
        "item": "enlightened_end:ennegel_pasta"
      },
      "id": "quest_giver:gift",
      "times": 1
     }
  ],
  "rewards": [
    {
      "item": {
        "item": "scattered_weapons:darkkatana"
      },
      "id": "quest_giver:item",
      "times": 1
    }
  ]
}