{
  "__comment": "Translated by Skyderlock. Other credits go to: bstylia14 and DawnCraft Developer Team",

  "reputation": 52,
  "icon": "minecraft:ender_pearl",
  "start": {
    "title": {
      "text": "Хей!"
    },
    "description": {
      "text": "Приветствую тебя, искатель приключений! Я думаю, что только ты можешь приготовить для меня блюдо. Я щедро заплачу за него, что ты скажешь?"
    }
  }
}