{
	"parent": "quest_giver:root",
	"reputation": 16,
	"icon": "minecraft:iron_pickaxe",
	"start": {
		"title": {
			"text": "Помощь"
		},
		"description": "Ха-ха, я знал это! Отважный искатель приключений, если ты когда-нибудь наткнешься на биом с ледяным лабиринтом, найди $(red)Призрак капитана Корнелии$(). Я дам тебе состояние, если ты сможешь победить его в ближнем бою."
	}
}