{
  "__comment": "Translated by Skyderlock. Other credits go to: bstylia14 and DawnCraft Developer Team",

  "parent": "quest_giver:quest_0114_01b",
  "reputation": 16,
  "icon": "minecraft:iron_pickaxe",
  "start": {
    "title": {
      "text": "Ну?"
    },
    "description": {
      "text": "Забыл уже? Победи Призрака капитана Корнелии в ближнем бою. Затем приходи ко мне, чтобы получить свою награду."
    }
  },
  "complete": {
    "title": {
      "text": "Спасибо!"
    },
    "description": {
      "text": "Сумасшедший! Ты действительно это сделал! Вот твоя награда. Я слышал, что вы, ребята, любите алмазы, верно? Возьми немного!"
    }
  },
  "tasks": [
    {
      "entity": "ob_aquamirae:captain_cornelia",
      "id": "quest_giver:kill",
      "times": 1
    }
  ],
  "rewards": [
    {
      "item": {
        "item": "minecraft:emerald"
      },
      "id": "quest_giver:item",
      "times": 2
    },
    {
      "item": {
        "item": "minecraft:diamond"
      },
      "id": "quest_giver:item",
      "times": 4
    },
    {
      "command": "/advancement grant @p only custom:trade_oceanographer",
      "id": "quest_giver:command"
    }
  ]
}