{
  "parent": "quest_giver:root",
  "reputation": 13,
  "icon": "minecraft:arrow",
  "start": {
    "title": {
      "text": "Помоги"
    },
    "description": {
      "text": "Я слышал довольно много хвалебных речей о твоей работе. Поэтому я и прошу, чтобы ты принёс мне экзотический материал - $(red)шкуру льва$(). Мне необходимо 4 штуки. Возвращайся когда добудешь."
    }
  }
}