{
  "parent": "quest_giver:quest_0008_01b",
  "reputation": 13,
  "icon": "minecraft:leather",
  "start": {
    "title": {
      "text": "Ну как?"
    },
    "description": {
      "text": "Эмм, ты, кажется, забыл. Я просил $(red)4 львиные шкуры$()."
    }
  },
  "complete": {
    "title": {
      "text": "Спасибо!"
    },
    "description": {
      "text": "Большое спасибо. Вот, держи. Приятно иметь с тобой дело!"
    }
  },
  "tasks": [
    {
      "item": {
        "item": "untamedwilds:hide_bigcat_lion"
      },
      "id": "quest_giver:gift",
      "times": 4
    }
  ],
  "rewards": [
    {
      "command": "/advancement grant @p only custom:trade_leatherworker",
      "id": "quest_giver:command"
    },
    {
      "command": "/addreputation reputation:villager @p 2",
      "id": "quest_giver:command"
    },
    {
      "item": {
        "item": "minecraft:arrow"
      },
      "id": "quest_giver:item",
      "times": 8
    }
  ]
}