{
"__comment": "Translated by Skyderlock. Other credits go to: bstylia14 and DawnCraft Developer Team",

	"parent": "quest_giver:quest_0071_01",
	"reputation": 40,
	"icon": "minecraft:book",
	"start": {
		"title": {
			"text": "Так что?"
		},
		"description": {
			"text": "Пожалуйста, вернись ко мне, если найдешь книгу."
		}
	},
	"complete": {
		"title": {
			"text": "Спасибо!"
		},
		"description": {
			"text": "Эта книга имеет... сентиментальную ценность. Слова не могут выразить, как я благодарен за твою помощь. Вот, возьми это. Я слышал, что искатели приключений тоже используют магию, это так?"
		}
	},
	"tasks": [{
		"item": {
			"item": "minecraft:written_book",
			"forge:nbt": "{tag:\"librarian\"}"
		},
		"id": "quest_giver:gift",
		"times": 1
	}],
	"rewards": [{
			"command": "/addreputation reputation:villager @p 1",
			"id": "quest_giver:command"
		},
		{
			"item": {
				"item": "ars_nouveau:source_gem"
			},
			"id": "quest_giver:item",
			"times": 3
		},
		{
			"item": {
				"item": "minecraft:emerald"
			},
			"id": "quest_giver:item",
			"times": 8
		}
	]
}