{
"__comment": "Translated by Skyderlock. Other credits go to: bstylia14 and DawnCraft Developer Team",

  "parent": "quest_giver:root",
  "reputation": 40,
  "icon": "minecraft:book",
  "start": {
    "title": {
      "text": "Поиск драгоценного предмета"
    },
    "description": {
      "text": "Дай мне лист бумаги, чтобы я мог нарисовать тебе карту."
    }
  },
  "complete": {
    "title": {
      "text": "Вот."
    },
    "description": {
      "text": "Извини за беспокойство. Вот место, куда я хочу, чтобы ты отправился. Там есть книга, которая принадлежала мне. Раньше это был храм, наполненный учеными со всего измерения, но я не знаю, как оно там сейчас. Пожалуйста, будь осторожен и принеси мне мою книгу."
    }
  },
  "tasks": [
     {
      "item": {
	 "item": "minecraft:paper"
      },
      "id": "quest_giver:gift",
      "times": 1
     }
  ],
  "rewards": [
  {
      "command": "/loot give @p loot minecraft:librarian1",
      "id": "quest_giver:command"
    }
  ]
}