{
  "parent": "quest_giver:quest_0020_01b",
  "reputation": 16,
  "icon": "minecraft:iron_pickaxe",
  "start": {
    "title": {
      "text": "Ну?"
    },
    "description": {
      "text": "Ты принёс бумагу? Я нарисую тебе карту."
    }
  },
  "complete": {
    "title": {
      "text": "Спасибо!"
    },
    "description": {
      "text": "Вот, держи. Передай ему привет от меня."
    }
  },
  "tasks": [
     {
      "item": {
	 "item": "minecraft:paper"
      },
      "id": "quest_giver:gift",
      "times": 1
     }
  ],
  "rewards": [
    {
      "command": "/loot give @p loot minecraft:netherian1",
      "id": "quest_giver:command"
    },
    {
      "command": "/gamestage add @p netherian1 true",
      "id": "quest_giver:command"
    }
  ]
}