{
"__comment": "Translated by Skyderlock. Other credits go to: bstylia14 and DawnCraft Developer Team",

  "parent": "quest_giver:root",
  "reputation": 16,
  "icon": "minecraft:iron_pickaxe",
  "start": {
    "title": {
      "text": "Помощь"
    },
    "description": {
      "text": "Некоторое время назад один приключенец просил меня об одолжении, но я не мог ему помочь... Но вероятно ты сможешь. Принеси мне лист бумаги, я нарисую тебе карту его текущего местоположения."
    }
  }
}