{
	"__comment": "Translated by Skyderlock. Other credits go to: bstylia14 and DawnCraft Developer Team",

	"parent": "quest_giver:quest_0092_01b",
	"reputation": 46,
	"icon": "minecraft:ender_pearl",
	"start": {
		"title": {
			"text": "Ну?"
		},
		"description": {
			"text": "Пожалуйста, дай мне взглянуть на $(red)яйцо дракона$(), когда получишь его."
		}
	},
	"complete": {
		"title": {
			"text": "Спасибо!"
		},
		"description": {
			"text": "Извини, друг, что вынужден так поступить... Но мне оно нужно. Прощай."
		}
	},
	"tasks": [{
		"item": {
			"item": "minecraft:dragon_egg"
		},
		"id": "quest_giver:gift",
		"times": 1
	}],
	"rewards": [{
			"command": "/effect give @e[type=quest_giver:quest_villager,nbt={VillagerData:{profession:\"morevillagers:enderian\"}},sort=nearest,limit=1] minecraft:invisibility 100 1 true",
			"id": "quest_giver:command"
		},
		{
			"command": "/tag @e[type=minecraft:villager,nbt={VillagerData:{profession:\"morevillagers:enderian\"}},sort=nearest,limit=1] add it",
			"id": "quest_giver:command"
		},
		{
			"command": "/execute at @e[type=quest_giver:quest_villager,nbt={VillagerData:{profession:\"morevillagers:enderian\"}},sort=nearest,limit=1] run particle minecraft:end_rod ~ ~ ~ 0 0 0 0.1 40 normal",
			"id": "quest_giver:command"
		},
		{
			"command": "/tp @e[type=minecraft:quest_giver:quest_villager,nbt={VillagerData:{profession:\"morevillagers:enderian\"}},sort=nearest,limit=1] ~ ~150 ~150",
			"id": "quest_giver:command"
		},
		{
			"command": "/execute at @p run playsound minecraft:entity.enderman.teleport ambient @p ~ ~ ~ 7 1",
			"id": "quest_giver:command"
		}
	]
}