{
  "__comment": "Translated by Skyderlock. Other credits go to: bstylia14 and DawnCraft Developer Team",

  "parent": "quest_giver:root",
  "reputation": 46,
  "icon": "minecraft:ender_pearl",
  "start": {
    "title": {
      "text": "Помощь"
    },
    "description": {
      "text": "Отлично! Ты знаешь, что при поражении Дракон Края оставляет яйцо? Я хотел бы попросить тебя показать мне $(red)яйцо дракона$()."
    }
  }
}