{
  "parent": "quest_giver:root",
  "reputation": 0,
  "icon": "minecraft:brewing_stand",
  "start": {
    "title": {
      "text": "Так что?"
    },
    "description": {
      "text": "Ты достал $(red)сгусток магмы$()?"
    }
  },
  "complete": {
    "title": {
      "text": "Спасибо!"
    },
    "description": {
      "text": "Ой, горячо... Ладно, спасибо тебе за помощь!"
    }
  },
  "tasks": [
    {
      "item": {
        "item": "minecraft:magma_cream"
      },
      "id": "quest_giver:gift",
      "times": 1
    }
  ],
  "rewards": [
    {
      "item": {
        "item": "minecraft:emerald"
      },
      "id": "quest_giver:item",
      "times": 2
    },
    {
      "command": "/addreputation reputation:villager @p 1",
      "id": "quest_giver:command"
    },
    {
      "command": "/advancement grant @p only custom:trade_cleric",
      "id": "quest_giver:command"
    }
  ]
}