{
"__comment": "Translated by Skyderlock. Other credits go to: bstylia14 and DawnCraft Developer Team",

  "parent": "quest_giver:quest_0040_02b",
  "reputation": 15,
  "icon": "minecraft:map",
  "start": {
    "title": {
      "text": "Так что?"
    },
    "description": {
      "text": "Так, ты принес щитки?"
    }
  },
  "complete": {
    "title": {
      "text": "Спасибо!"
    },
    "description": {
      "text": "Ого, что у нас тут! Надеюсь, эта задача не причинила тебе каких-то повреждений, ха-ха! Вот твоя награда, слышал, что такие как ты любят алмазы."
    }
  },
  "tasks": [
    {
      "item": {
        "item": "alexsmobs:crocodile_scute"
      },
      "id": "quest_giver:gift",
      "times": 1
    }
  ],
  "rewards": [
    {
      "item": {
        "item": "minecraft:diamond"
      },
      "id": "quest_giver:item",
      "times": 2
    },
    {
      "command": "/addreputation reputation:villager @p 2",
      "id": "quest_giver:command"
    }
  ]
}