{
"__comment": "Translated by Skyderlock. Other credits go to: bstylia14 and DawnCraft Developer Team",

  "parent": "quest_giver:quest_0040_01b",
  "reputation": 15,
  "icon": "minecraft:map",
  "start": {
    "title": {
      "text": "Невозможное поручение!"
    },
    "description": {
      "text": "Вернись, когда приручишь слона... Хотя нет, не уверен, что это тебе удастся."
    }
  },
  "complete": {
    "title": {
      "text": "Спасибо!"
    },
    "description": {
      "text": "Ого, ты действительно справился! Слышал, эти огромные существа обожают цветущие акации. Вот, не спрашивай, откуда у меня."
    }
  },
  "tasks": [
    {
		"id": "afptweaks:advancement",
		"advancement": "alexsmobs:alexsmobs/tame_elephant"
    }
  ],
  "rewards": [
    {
      "item": {
        "item": "alexsmobs:acacia_blossom"
      },
      "id": "quest_giver:item",
      "times": 10
    },
    {
      "command": "/addreputation reputation:villager @p 1",
      "id": "quest_giver:command"
    }
  ]
}