{
"__comment": "Translated by Skyderlock. Other credits go to: bstylia14 and DawnCraft Developer Team",

  "parent": "quest_giver:root",
  "reputation": 15,
  "icon": "minecraft:paper",
  "start": {
    "title": {
      "text": "Невозможное поручение!"
    },
    "description": {
      "text": "Ты знаешь, что есть такие огромные существа - слоны, живущие в саванных? Ну, некоторым из нашего народа удалось приручить их. Думаешь, сможешь это сделать? Приручить слона?"
    }
  }
}