{
"__comment": "Translated by Skyderlock. Other credits go to: bstylia14 and DawnCraft Developer Team",

  "parent": "quest_giver:quest_0040_01",
  "reputation": 15,
  "icon": "minecraft:paper",
  "start": {
    "title": {
      "text": "Карта"
    },
    "description": {
      "text": "Снова тут, да? Ну что ж, у меня для тебя новое испытание. Охоться на рептилий, называемых крокодилами, и принеси мне их щитки. Эти создания обитают в болотных биомах. Но будь осторожен, они невероятно сильны."
    }
  }
}