{
  "__comment": "Translated by Skyderlock. Other credits go to: bstylia14 and DawnCraft Developer Team",

  "parent": "quest_giver:root",
  "reputation": 10,
  "icon": "minecraft:grindstone",
  "start": {
    "title": {
      "text": "Мастерство заточки"
    },
    "description": {
      "text": "Научить тебя пользоватся точилом? Это довольно необычная просьба... Я возьму 15 изумрудов за это."
    }
  },
  "complete": {
    "title": {
      "text": "Спасибо!"
    },
    "description": {
      "text": "Так намного лучше! Легко, правда?"
    }
  },
  "tasks": [
    {
      "item": {
        "item": "minecraft:emerald"
      },
      "id": "quest_giver:gift",
      "times": 15
    }
  ],
  "rewards": [
    {
      "command": "/pmmo admin @p add excavation level 1",
      "id": "quest_giver:command"
    }
  ]
}