{
  "parent": "quest_giver:quest_0086_02b",
  "reputation": 37,
  "icon": "minecraft:iron_axe",
  "start": {
    "title": {
      "text": "Так что?"
    },
    "description": {
      "text": "Пожалуйста, вернись, когда закончишь контракт на истребление - $(red)Убить 5 разбойников$()."
    }
  },
  "complete": {
    "title": {
      "text": "Спасибо!"
    },
    "description": {
      "text": "Спасибо... Кажется, пришло время. Захватчики здесь. Товарищ, я создал этот меч для таких случаев. Пожалуйста, используй его по назначению и помоги нам. Все наши жизни теперь зависят от тебя."
    }
  },
  "tasks": [
    {
      "entity": "minecraft:pillager",
      "id": "quest_giver:kill",
      "times": 5
    }
  ],
  "rewards": [
    {
      "command": "/effect give @p minecraft:bad_omen 10 2",
      "id": "quest_giver:command"
    },
    {
      "command": "/give @p epicfight:iron_greatsword{Enchantments:[{id:\"apotheosis:bane_of_illagers\",lvl:3}]}",
      "id": "quest_giver:command"
    },
    {
      "command": "/addreputation reputation:villager @p 1",
      "id": "quest_giver:command"
    }
  ]
}