{
  "parent": "quest_giver:quest_0086_01b",
  "reputation": 37,
  "icon": "minecraft:iron_sword",
  "start": {
    "title": {
      "text": "Срочная просьба"
    },
    "description": {
      "text": "Ты принёс $(red)16 железных слитков$()? Пожалуйста, поторопись."
    }
  },
  "complete": {
    "title": {
      "text": "Спасибо!"
    },
    "description": {
      "text": "Спасибо, я знаю, что не должен просить помощи у путешественника для добычи ресурсов... Но у меня нет другого выбора. Армия разбойников приближается, они скоро придут в эту деревню... Дай мне знать, если ты заинтересован в контракте на истребление, я буду рад предложить."
    }
  },
  "tasks": [
    {
      "item": {
        "item": "minecraft:iron_ingot"
      },
      "id": "quest_giver:gift",
      "times": 16
    }
  ],
  "rewards": [
    {
      "item": {
        "item": "minecraft:emerald"
      },
      "id": "quest_giver:item",
      "times": 3
    },
    {
      "command": "/addreputation reputation:villager @p 2",
      "id": "quest_giver:command"
    }
  ]
}