{
  "parent": "quest_giver:quest_0086_01",
  "reputation": 37,
  "icon": "minecraft:iron_axe",
  "start": {
    "title": {
      "text": "Помощь"
    },
    "description": {
      "text": "Отлично. Мне нужно, чтобы ты уничтожил всех захватчиков, которых найдешь. Мы должны отвлечь их, чтобы у них не было так много времени на планирование нападения... Вернись ко мне, когда убьешь 5."
    }
  }
}