{
  "__comment": "Translated by Skyderlock. Other credits go to: bstylia14 and DawnCraft Developer Team",

  "parent": "quest_giver:root",
  "reputation": 37,
  "icon": "minecraft:iron_sword",
  "start": {
    "title": {
      "text": "Срочная просьба"
    },
    "description": {
      "text": "Зло приближается. Можешь помочь мне добыть 16 железных слитков? Нам нужно сделать больше оружия для стражей... Мы не готовы."
    }
  }
}