{
"__comment": "Translated by Skyderlock. Other credits go to: bstylia14 and DawnCraft Developer Team",

  "parent": "quest_giver:root",
  "reputation": 8,
  "icon": "minecraft:map",
  "start": {
    "title": {
      "text": "Жажда бургера"
    },
    "description": {
      "text": "Ты уже приготовил гамбургер?"
    }
  },
  "complete": {
    "title": {
      "text": "Спасибо!"
    },
    "description": {
      "text": "Это прекрасно! Я сохраню его на потом. Большое спасибо."
    }
  },
  "tasks": [
    {
      "item": {
        "item": "farmersdelight:hamburger"
      },
      "id": "quest_giver:gift",
      "times": 1
    }
  ],
  "rewards": [
    {
      "item": {
        "item": "minecraft:emerald"
      },
      "id": "quest_giver:item",
      "times": 2
    },
    {
      "command": "/addreputation reputation:villager @p 2",
      "id": "quest_giver:command"
    }
  ]
}