{
"__comment": "Translated by Skyderlock. Other credits go to: bstylia14 and DawnCraft Developer Team",

  "reputation": 8,
  "icon": "minecraft:map",
  "start": {
    "title": {
      "text": "Привет!"
    },
    "description": {
      "text": "Ты выглядишь как хороший повар. Не мог бы ты приготовить что-нибудь для меня? Есть блюдо, называемое $(red)гамбургер$(), ты знаешь, как его приготовить?"
    }
  }
}