{
"__comment": "Translated by Skyderlock. Other credits go to: bstylia14 and DawnCraft Developer Team",

  "parent": "quest_giver:root",
  "reputation": 10,
  "icon": "minecraft:white_wool",
  "start": {
    "title": {
      "text": "Так что?"
    },
    "description": {
      "text": "Дай мне 10 изумрудов и я научу тебя пользоваться ткатским станком!"
    }
  },
  "complete": {
    "title": {
      "text": "Спасибо!"
    },
    "description": {
      "text": "Совсем другое дело!"
    }
  },
  "tasks": [
    {
      "item": {
        "item": "minecraft:emerald"
      },
      "id": "quest_giver:gift",
      "times": 10
    }
  ],
  "rewards": [
    {
      "command": "/pmmo admin @p add agility level 1",
      "id": "quest_giver:command"
    }
  ]
}