{
"__comment": "Translated by Skyderlock. Other credits go to: bstylia14 and DawnCraft Developer Team",

  "parent": "quest_giver:root",
  "reputation": 0,
  "icon": "minecraft:arrow",
  "start": {
    "title": {
      "text": "Изготовление стрел"
    },
    "description": {
      "text": "У меня не хватает перьев для изготовления стрел. Не мог бы ты принести $(red)2 пера$()? Я могу дать тебе несколько стрел после того, как закончу."
    }
  }
}