{
"__comment": "Translated by Skyderlock. Other credits go to: bstylia14 and DawnCraft Developer Team",

  "parent": "quest_giver:root",
  "reputation": 0,
  "icon": "minecraft:cod",
  "start": {
    "title": {
      "text": "Изготовление удочки"
    },
    "description": {
      "text": "Моя удочка почти сломалась... ты можешь сделать мне новую? Тот, кто обычно крафтит вещи, сейчас в отъезде..."
    }
  }
}