{
  "parent": "quest_giver:quest_0057_01b",
  "reputation": 0,
  "icon": "minecraft:cod",
  "start": {
    "title": {
      "text": "Изготовление удочки"
    },
    "description": {
      "text": "Ты принёс $(red)удочку$()?"
    }
  },
  "complete": {
    "title": {
      "text": "Спасибо!"
    },
    "description": {
      "text": "Спасибо, у меня не так много, чтобы дать тебе. Э-э... возьми эту треску, она свежая."
    }
  },
  "tasks": [
    {
      "item": {
        "item": "minecraft:fishing_rod"
      },
      "id": "quest_giver:gift",
      "times": 1
    }
  ],
  "rewards": [
    {
      "command": "/addreputation reputation:villager @p 1",
      "id": "quest_giver:command"
    },
    {
      "item": {
        "item": "minecraft:cod"
      },
      "id": "quest_giver:item",
      "times": 1
    }
  ]
}