{
"__comment": "Translated by Skyderlock. Other credits go to: bstylia14 and DawnCraft Developer Team",

  "parent": "quest_giver:root",
  "reputation": 5,
  "icon": "minecraft:book",
  "start": {
    "title": {
      "text": "Дружеская беседа"
    },
    "description": {
      "text": "Ты знал, что можно автоматизировать некоторые процессы, такие как фермерство или добыча ресурсов, используя пикси ars nouveau? Также можно сделать это, создав механизмы ... Но тебе может потребоваться обратиться к инженеру, чтобы узнать, как это делать."
    }
  }
}