{
  "__comment": "Translated by Skyderlock. Other credits go to: bstylia14 and DawnCraft Developer Team",

  "parent": "quest_giver:root",
  "reputation": 48,
  "icon": "minecraft:stone",
  "start": {
    "title": {
      "text": "Камни из другого измерения"
    },
    "description": {
      "text": "Когда окажешься в Краю, не забудь принести мне $(red)эндерняк$()"
    }
  },
  "complete": {
    "title": {
      "text": "Спасибо!"
    },
    "description": {
      "text": "Хм... качество неплохое. Я найду ему применение, спасибо!"
    }
  },
  "tasks": [
     {
      "item": {
	 "item": "minecraft:end_stone"
      },
      "id": "quest_giver:gift",
      "times": 1
     }
  ],
  "rewards": [
    {
      "command": "/advancement grant @p only custom:trade_mason",
      "id": "quest_giver:command"
    },
    {
      "command": "/addreputation reputation:villager @p 2",
      "id": "quest_giver:command"
    },
    {
      "item": {
        "item": "minecraft:emerald"
      },
      "id": "quest_giver:item",
      "times": 2
    }
  ]
}