{
"__comment": "Translated by Skyderlock. Other credits go to: bstylia14 and DawnCraft Developer Team",

  "parent": "quest_giver:root",
  "reputation": 4,
  "icon": "minecraft:ender_pearl",
  "start": {
    "title": {
      "text": "Так что?"
    },
    "description": {
      "text": "Ты уже достал $(red)5 Эндер жемчужин$()?"
    }
  },
  "complete": {
    "title": {
      "text": "Спасибо!"
    },
    "description": {
      "text": "Спасибо. Вот, возьми это за труды."
    }
  },
  "tasks": [
    {
      "item": {
        "item": "minecraft:ender_pearl"
      },
      "id": "quest_giver:gift",
      "times": 5
     }
  ],
  "rewards": [
    {
      "item": {
        "item": "minecraft:emerald"
      },
      "id": "quest_giver:item",
      "times": 3
    },
    {
      "command": "/addreputation reputation:villager @p 2",
      "id": "quest_giver:command"
    },
    {
      "command": "/advancement grant @p only custom:trade_enderian",
      "id": "quest_giver:command"
    }
  ]
}