{
"__comment": "Translated by Skyderlock. Other credits go to: bstylia14 and DawnCraft Developer Team",

  "parent": "quest_giver:root",
  "reputation": 0,
  "icon": "minecraft:wheat_seeds",
  "start": {
    "title": {
      "text": "Совет"
    },
    "description": {
      "text": "Как амбициозный фермер, моя цель в жизни - стать экспертом в выращивании разных растений! Однако, я имею опыт только в выращивании пшеницы и картофеля... Не поможешь мне найти семена тыквы? Начну своё амбициозное путешествие именно с этого!"
    }
  }
}