{
  "parent": "quest_giver:root",
  "reputation": 15,
  "icon": "minecraft:paper",
  "start": {
    "title": {
      "text": "Невозможная задача!"
    },
    "description": {
      "text": "Наконец-то, кто-то, с кем можно поговорить! Позволь мне рассказать тебе кое-что: где-то в этом мире есть огромный летающий дворец. Мало кто о нем знает, не говоря уже о его местонахождении... И к твоей удаче, я случайно оказался одним из тех, кто знает. Я тебе вот что скажу: если тебе когда-нибудь доведется получить благословение от Косатки, дай мне знать, как это произошло и что ты почувствовал. Сделай это, и я скажу тебе, где находится дворец, бесплатно! В этом дворце живет могущественный волшебник, и он спрятал свои сокровища глубоко в его сердце. Как искатель приключений, тебе это должно звучать заманчиво, не правда ли?" 
    }
  }
}