{
  "parent": "quest_giver:quest_0124_01b",
  "reputation": 15,
  "icon": "minecraft:map",
  "start": {
    "title": {
      "text": "Невозможная задача!"
    },
    "description": {
      "text": "Уже получил благословение Косатки?"
    }
  },
  "complete": {
    "title": {
      "text": "Спасибо!"
    },
    "description": {
      "text": "Интересно... вот как это делается. Ты удивительный товарищ. Рад, что я тебя встретил! Теперь мне пора... Береги себя."
    }
  },
  "tasks": [
    {
		"id": "afptweaks:advancement",
		"advancement": "alexsmobs:alexsmobs/orcas_might"
    }
  ],
  "rewards": [
   {
      "command": "/loot give @p loot minecraft:hunter1",
      "id": "quest_giver:command"
    },
    {
      "command": "/addreputation reputation:villager @p 3",
      "id": "quest_giver:command"
    },
    {
      "command": "/gamestage add @p hunter1 true",
      "id": "quest_giver:command"
    }
  ]
}