{
  "parent": "quest_giver:root",
  "reputation": 15,
  "icon": "minecraft:cod",
  "start": {
    "title": {
      "text": "Помощь в охоте"
    },
    "description": {
      "text": "Да благословят тебя боги. Пожалуйста, помоги мне с охотой на этих отвратительных, гнусных существ в океане. Биологи называют их акулами. Я называю их морскими дьяволами. Во время моего плавания я видел... Я видел, как они растерзали мою сестру на куски. Помоги мне отомстить, убей этих мерзких существ и принеси мне их зуб в качестве трофея."
    }
  }
}