{
  "parent": "quest_giver:quest_0058_01b",
  "reputation": 15,
  "icon": "minecraft:bow",
  "start": {
    "title": {
      "text": "Помощь в охоте"
    },
    "description": {
      "text": "(*Вы осознаёте, что акулы не нападают таким образом, и что только некоторые из самых пассивных типов акул, такие как $(red)Акула-молот$(), теряют свои зубы при смерти. Но вы решили промолчать*)"
    }
  },
  "complete": {
    "title": {
      "text": "Спасибо!"
    },
    "description": {
      "text": "Ха-ха-ха... Я вырежу имя моей сестры на этой штуке и буду носить ее в виде кулона. Спасибо, путешественник, вот твоя награда."
    }
  },
  "tasks": [
    {
      "item": {
        "item": "alexsmobs:shark_tooth"
      },
      "id": "quest_giver:gift",
      "times": 1
    }
  ],
  "rewards": [
    {
      "command": "/addreputation reputation:villager @p 2",
      "id": "quest_giver:command"
    },
    {
      "item": {
        "item": "minecraft:salmon"
      },
      "id": "quest_giver:item",
      "times": 6
    }
  ]
}