{
  "__comment": "Translated by Skyderlock. Other credits go to: bstylia14 and DawnCraft Developer Team",

  "parent": "quest_giver:root",
  "reputation": 3,
  "icon": "minecraft:bow",
  "start": {
    "title": {
      "text": "Помощь"
    },
    "description": {
      "text": "Отлично! Мне нужно $(red)2 куска листьев штопорника$(). Этот яд слишком токсичен для большинства животных, но не для того зверя, на которого я охочусь..."
    }
  }
}