{
  "__comment": "Translated by Skyderlock. Other credits go to: bstylia14 and DawnCraft Developer Team",

  "parent": "quest_giver:quest_0103_01b",
  "reputation": 3,
  "icon": "minecraft:bow",
  "start": {
    "title": {
      "text": "Так что?"
    },
    "description": {
      "text": "Ты уже нашел 2 куска $(red)штопорника$()?" 
    }
  },
  "complete": {
    "title": {
      "text": "Спасибо!"
    },
    "description": {
      "text": "Спасибо, теперь я могу сделать приманку."
    }
  },
  "tasks": [
     {
      "item": {
	 "item": "untamedwilds:flora_hemlock"
      },
      "id": "quest_giver:gift",
      "times": 2
     }
  ],
  "rewards": [
    {
      "item": {
        "item": "minecraft:emerald"
      },
      "id": "quest_giver:item",
      "times": 1
    },
    {
      "command": "/addreputation reputation:villager @p 1",
      "id": "quest_giver:command"
    }
  ]
}