{
"__comment": "Translated by Skyderlock. Other credits go to: bstylia14 and DawnCraft Developer Team",

  "parent": "quest_giver:root",
  "reputation": 3,
  "icon": "minecraft:white_wool",
  "start": {
    "title": {
      "text": "Ведро молока!"
    },
    "description": {
      "text": "Можешь побыстрее. Я очень сильно хочу выпить $(red)ведро молока$()!"
    }
  },
  "complete": {
    "title": {
      "text": "Ага."
    },
    "description": {
      "text": "Вкуснотища! Точно, совсем забыл. Кхм, кхм... Спасибо."
    }
  },
  "tasks": [
    {
      "item": {
        "item": "minecraft:milk_bucket"
      },
      "id": "quest_giver:gift",
      "times": 1
    }
  ],
  "rewards": [
    {
      "command": "/playsound minecraft:entity.generic.drink ambient @p ~ ~ ~ 3",
      "id": "quest_giver:command"
    },
    {
      "command": "/advancement grant @p only custom:trade_toolsmith",
      "id": "quest_giver:command"
    },
    {
      "command": "/addreputation reputation:villager @p 1",
      "id": "quest_giver:command"
    },
    {
      "item": {
        "item": "minecraft:bucket"
      },
      "id": "quest_giver:item",
      "times": 1
    }
  ]
}