{
  "parent": "quest_giver:quest_0032_01b",
  "reputation": 0,
  "icon": "minecraft:beef",
  "start": {
    "title": {
      "text": "Небольшая просьба"
    },
    "description": {
      "text": "Уже принес нож? Помни, он должен быть из железа."
    }
  },
  "complete": {
    "title": {
      "text": "Готово"
    },
    "description": {
      "text": "Чистая работа! Превосходный нож, спасибо."
    }
  },
  "tasks": [
    {
      "item": {
        "item": "farmersdelight:iron_knife"
      },
      "id": "quest_giver:gift",
      "amount": 1
    }
  ],
  "rewards": [
    {
      "command": "/advancement grant @p only custom:trade_butcher",
      "id": "quest_giver:command"
    },
    {
      "command": "/addreputation reputation:villager @p 2",
      "id": "quest_giver:command"
    }
  ]
}