{
"__comment": "Translated by Skyderlock. Other credits go to: bstylia14 and DawnCraft Developer Team",

  "parent": "quest_giver:root",
  "reputation": 6,
  "icon": "minecraft:log",
  "start": {
    "title": {
      "text": "Ну?"
    },
    "description": {
      "text": "Ты уже принёс $(red)Сердитое арчивудское бревно$()?"
    }
  },
  "complete": {
    "title": {
      "text": "Спасибо!"
    },
    "description": {
      "text": "Спасибо. Вот твоя награда."
    }
  },
  "tasks": [
    {
      "item": {
        "item": "ars_nouveau:purple_archwood_log"
      },
      "id": "quest_giver:gift",
      "times": 1
     }
  ],
  "rewards": [
    {
      "item": {
        "item": "minecraft:emerald"
      },
      "id": "quest_giver:item",
      "times": 1
    },
    {
      "command": "/addreputation reputation:villager @p 1",
      "id": "quest_giver:command"
    },
    {
      "command": "/advancement grant @p only custom:trade_woodworker",
      "id": "quest_giver:command"
    }
  ]
}