{
"__comment": "Translated by Skyderlock. Other credits go to: bstylia14 and DawnCraft Developer Team",

  "parent": "quest_giver:root",
  "reputation": 3,
  "icon": "minecraft:redstone",
  "start": {
    "title": {
      "text": "Так что?"
    },
    "description": {
      "text": "Ты принёс $(red)гаечный ключ и рычаг$()?"
    }
  },
  "complete": {
    "title": {
      "text": "Благодарю!"
    },
    "description": {
      "text": "Благодарю. Вот, возьми это за труды."
    }
  },
  "tasks": [
    {
      "item": {
        "item": "supplementaries:wrench"
      },
      "id": "quest_giver:gift",
      "times": 1
    },
    {
      "item": {
        "item": "minecraft:lever"
      },
      "id": "quest_giver:gift",
      "times": 1
    }
  ],
  "rewards": [
    {
      "item": {
        "item": "minecraft:emerald"
      },
      "id": "quest_giver:item",
      "times": 1
    },
    {
      "command": "/advancement grant @p only custom:trade_engineer",
      "id": "quest_giver:command"
    },
    {
      "command": "/addreputation reputation:villager @p 1",
      "id": "quest_giver:command"
    }
  ]
}