{
"__comment": "Translated by Skyderlock. Other credits go to: bstylia14 and DawnCraft Developer Team",

  "parent": "quest_giver:root",
  "reputation": 0,
  "icon": "minecraft:brewing_stand",
  "start": {
    "title": {
      "text": "Так что?"
    },
    "description": {
      "text": "Ты принёс мне $(red)5 плоти зомби$()?"
    }
  },
  "complete": {
    "title": {
      "text": "Спасибочки!"
    },
    "description": {
      "text": "Отлично сработано! Вот, держи это в знак благодарности."
    }
  },
  "tasks": [
    {
      "item": {
        "item": "minecraft:rotten_flesh"
      },
      "id": "quest_giver:gift",
      "times": 5
    }
  ],
  "rewards": [
    {
      "item": {
        "item": "minecraft:emerald"
      },
      "id": "quest_giver:item",
      "times": 1
    },
    {
      "command": "/addreputation reputation:villager @p 1",
      "id": "quest_giver:command"
    }
  ]
}