{
  "parent": "quest_giver:root",
  "reputation": 10,
  "icon": "minecraft:cod",
  "start": {
    "title": {
      "text": "Ну?"
    },
    "description": {
      "text": "10 изумрудов за знания о том, как владеть столом лучника - это довольно дёшево, верно?"
    }
  },
  "complete": {
    "title": {
      "text": "Спасибо!"
    },
    "description": {
      "text": "Так-то лучше. Удачи в изготовлении стрел!"
    }
  },
  "tasks": [
    {
      "item": {
        "item": "minecraft:emerald"
      },
      "id": "quest_giver:gift",
      "times": 10
    }
  ],
  "rewards": [
    {
      "command": "/pmmo admin @p add archery level 1",
      "id": "quest_giver:command"
    }
  ]
}