{
  "parent": "quest_giver:root",
  "reputation": 16,
  "icon": "minecraft:iron_pickaxe",
  "start": {
    "title": {
      "text": "Сердце дракона"
    },
    "description": {
      "text": "Карта к подиуму для призыва будет стоить тебе 5 изумрудов."
    }
  },
  "complete": {
    "title": {
      "text": "Спасибо!"
    },
    "description": {
      "text": "Приятно иметь с тобой дело, друг."
    }
  },
  "tasks": [
    {
      "item": {
        "item": "minecraft:emerald"
      },
      "id": "quest_giver:gift",
      "times": 5
    }
  ],
  "rewards": [
    {
      "command": "/loot give @p loot minecraft:cartographer2",
      "id": "quest_giver:command"
    },
    {
      "command": "/gamestage add @p cartographer2 true",
      "id": "quest_giver:command"
    }
  ]
}