{
  "parent": "quest_giver:root",
  "reputation": 10,
  "icon": "minecraft:white_wool",
  "start": {
    "title": {
      "text": "Свободный крой"
    },
    "description": {
      "text": "Нет проблем, друг. Дай мне 15 изумрудов, и я научу тебя пользоваться ткацким станком!"
    }
  },
  "complete": {
    "title": {
      "text": "Спасибо!"
    },
    "description": {
      "text": "Так намного лучше!"
    }
  },
  "tasks": [
    {
      "item": {
        "item": "minecraft:emerald"
      },
      "id": "quest_giver:gift",
      "times": 15
    }
  ],
  "rewards": [
    {
      "command": "/pmmo admin @p add agility level 1",
      "id": "quest_giver:command"
    }
  ]
}