{
  "__comment": "Translated by Skyderlock. Other credits go to: bstylia14 and DawnCraft Developer Team",

  "parent": "quest_giver:root",
  "reputation": 0,
  "icon": "minecraft:book",
  "start": {
    "title": {
      "text": "Задание на истребление"
    },
    "description": {
      "text": "Криперы начали чаще появляться здесь ночью... Они не причиняют нам вреда, но пугают наших бедных ягнят. Ты можешь избавить нас от них? Я заплачу тебе после шести убийств."
    }
  }
}