{
  "__comment": "Translated by Skyderlock. Other credits go to: bstylia14 and DawnCraft Developer Team",

  "parent": "quest_giver:quest_0079_01b",
  "reputation": 0,
  "icon": "minecraft:white_wool",
  "start": {
    "title": {
      "text": "Задание на истребление"
    },
    "description": {
      "text": "Пожалуйста, закончи задание на истребление как можно скорее."
    }
  },
  "complete": {
    "title": {
      "text": "Спасибо!"
    },
    "description": {
      "text": "Отлично сработано. Я вижу, что их стало меньше. Вот твоя награда."
    }
  },
  "tasks": [
    {
      "entity": "minecraft:creeper",
      "id": "quest_giver:kill",
      "times": 6
    }
  ],
  "rewards": [
    {
      "item": {
        "item": "minecraft:emerald"
      },
      "id": "quest_giver:item",
      "times": 2
    },
    {
      "command": "/addreputation reputation:villager @p 2",
      "id": "quest_giver:command"
    },
    {
      "command": "/advancement grant @p only custom:trade_shepherd",
      "id": "quest_giver:command"
    }
  ]
}