{
"__comment": "Translated by Skyderlock. Other credits go to: bstylia14 and DawnCraft Developer Team",

  "parent": "quest_giver:root",
  "reputation": 4,
  "icon": "minecraft:wheat_seeds",
  "start": {
    "title": {
      "text": "Совет"
    },
    "description": {
      "text": "Моим драгоценным посевам последние дни как-то не очень... Сможете ли вы оказать мне услугу и принести $(red)8 костей$(), чтобы я смог сделать удобрение?"
    }
  }
}