{
"__comment": "Translated by Skyderlock. Other credits go to: bstylia14 and DawnCraft Developer Team",

  "parent": "quest_giver:quest_0005_01b",
  "reputation": 4,
  "icon": "minecraft:wheat_seeds",
  "start": {
    "title": {
      "text": "Так что?"
    },
    "description": {
      "text": "Вы принесли $(red)8 костей$()?"
    }
  },
  "complete": {
    "title": {
      "text": "Благодарю!"
    },
    "description": {
      "text": "Превосходно! Теперь мои посевы взойдут раньше чем у других фермеров! Хаха! Благодарю вас, добрый сэр. Вот вам изумруд за ваши старания."
    }
  },
  "tasks": [
    {
      "item": {
        "item": "minecraft:bone"
      },
      "id": "quest_giver:gift",
      "times": 8
    }
  ],
  "rewards": [
    {
      "command": "/addreputation reputation:villager @p 3",
      "id": "quest_giver:command"
    },
    {
      "item": {
        "item": "minecraft:emerald"
      },
      "id": "quest_giver:item",
      "times": 1
    }
  ]
}