{
"__comment": "Translated by Skyderlock. Other credits go to: bstylia14 and DawnCraft Developer Team",

  "parent": "quest_giver:quest_0046_01b",
  "reputation": 15,
  "icon": "minecraft:paper",
  "start": {
    "title": {
      "text": "Привет"
    },
    "description": {
      "text": "Похоже, ты еще не закончил свой контракт. Или ты забыл, что должен был убить $(red)2 сереброзверей$()."
    }
  },
  "complete": {
    "title": {
      "text": "Вот."
    },
    "description": {
      "text": "Ты хорошо справился. Я чувствую, как зловещие силы на мгновение останавливают свои наступления. Но их завоевания никогда не кончаются, обратись ко мне снова, если захочешь заданий."
    }
  },
  "tasks": [ 
    {
      "entity": "bloodandmadness:silverbeast",
      "id": "quest_giver:kill",
      "times": 2
    }
  ],
  "rewards": [
    {
      "item": {
        "item": "minecraft:emerald"
      },
      "id": "quest_giver:item",
      "times": 4
    },
    {
      "command": "/addreputation reputation:villager @p 2",
      "id": "quest_giver:command"
    }
  ]
}