{
"__comment": "Translated by Skyderlock. Other credits go to: bstylia14 and DawnCraft Developer Team",

  "parent": "quest_giver:quest_0046_01",
  "reputation": 15,
  "icon": "minecraft:paper",
  "start": {
    "title": {
      "text": "Истребление"
    },
    "description": {
      "text": "Привет еще раз. Мой следующий контракт для тебя - уничтожение орков, которые бродят по нашей земле. Эти человекоподобные монстры разбили лагеря повсюду. Я уверен, что ты видел их несколько. Принеси мне как минимум 5 зубов орков в качестве доказательства."
    }
  }
}