{
"__comment": "Translated by Skyderlock. Other credits go to: bstylia14 and DawnCraft Developer Team",

  "parent": "quest_giver:root",
  "reputation": 15,
  "icon": "minecraft:paper",
  "start": {
    "title": {
      "text": "Истребление"
    },
    "description": {
      "text": "В измерении появился новый вид зла. Эти наполовину люди, наполовину животные называются $(red)сереброзвери$(). Ты можешь встретить их бродящими ночью. Уничтожь двух этих нечестивых существ и вернись ко мне."
    }
  }
}