{
"__comment": "Translated by Skyderlock. Other credits go to: bstylia14 and DawnCraft Developer Team",

	"parent": "quest_giver:quest_0046_02b",
	"reputation": 15,
	"icon": "minecraft:paper",
	"start": {
		"title": {
			"text": "Привет"
		},
		"description": {
			"text": "Похоже, ты еще не закончил свой контракт, или ты забыл свое задание? Принеси мне $(red)5 зубов орков$() в качестве доказательства выполнения твоего контракта на истребление."
		}
	},
	"complete": {
		"title": {
			"text": "Вот."
		},
		"description": {
			"text": "Отлично сработано. У меня на данный момент нет больше заданий для тебя. Просто помни, что зло всегда таится вокруг нас, будь бдительным."
		}
	},
	"tasks": [{
		"item": {
			"item": "orcz:orcteeth"
		},
		"id": "quest_giver:gift",
		"times": 5
	}],
	"rewards": [{
			"item": {
				"item": "minecraft:emerald"
			},
			"id": "quest_giver:item",
			"times": 2
		},
		{
			"command": "/advancement grant @p only custom:trade_cleric",
			"id": "quest_giver:command"
		},
		{
			"command": "/give @p potion{display:{Name:'[{\"text\":\"Potion of Healing\",\"italic\":false}]'},CustomPotionEffects:[{Id:6,Duration:1,Amplifier:5}]} 1",
			"id": "quest_giver:command"
		}
	]
}