{
"__comment": "Translated by Skyderlock. Other credits go to: bstylia14 and DawnCraft Developer Team",

  "parent": "quest_giver:root",
  "reputation": 12,
  "icon": "minecraft:iron_helmet",
  "start": {
    "title": {
      "text": "Спасибо, что выслушал меня."
    },
    "description": {
      "text": "Спасибо, что выслушал меня. Моя плавильная печь скоро сломается... Не мог бы ты $(red)скрафтить$() новую и отдать ее мне?"
    }
  }
}