{
  "parent": "quest_giver:quest_0030_01b",
  "reputation": 12,
  "icon": "minecraft:iron_helmet",
  "start": {
    "title": {
      "text": "Создание плавильной печи"
    },
    "description": {
      "text": "Привет. Ты уже скрафтил плавильную печь? Убедись, что ты скрафтил новую, а не просто взял у кого-то!"
    }
  },
  "complete": {
    "title": {
      "text": "Отлично!"
    },
    "description": {
      "text": "Отлично! Я смогу создавать лучшее снаряжение с этим новым оборудованием. Спасибо!"
    }
  },
  "tasks": [
    {
      "item": {
        "item": "minecraft:blast_furnace"
      },
      "id": "quest_giver:craft",
      "times": 1
    },
    {
      "item": {
        "item": "minecraft:blast_furnace"
      },
      "id": "quest_giver:gift",
      "times": 1
    }
  ],
  "rewards": [
    {
      "command": "/advancement grant @p only custom:trade_armorer",
      "id": "quest_giver:command"
    },
    {
      "command": "/addreputation reputation:villager @p 1",
      "id": "quest_giver:command"
    }
  ]
}