{
"__comment": "Translated by Skyderlock. Other credits go to: bstylia14 and DawnCraft Developer Team",

  "parent": "quest_giver:root",
  "reputation": 0,
  "icon": "minecraft:wooden_sword",
  "start": {
    "title": {
      "text": "Отлично!"
    },
    "description": {
      "text": "Говорят, что в этом измерении есть биом, в котором пары поднимаются над кипящими источниками, а весь горный хребет покрыт волшебным туманом. Смелый искатель приключений, если ты когда-нибудь наткнешься на такое место, вернись и расскажи мне, как там на самом деле!"
    }
  }
}