{
"__comment": "Translated by Skyderlock. Other credits go to: bstylia14 and DawnCraft Developer Team",

  "parent": "quest_giver:quest_0028_01b",
  "reputation": 0,
  "icon": "minecraft:oak_sapling",
  "start": {
    "title": {
      "text": "Туманные горы"
    },
    "description": {
      "text": "Ты уже нашел биом $(red)Туманных гор $()?"
    }
  },
  "complete": {
    "title": {
      "text": "Если это так..."
    },
    "description": {
      "text": "Если это так... Честно говоря, это довольно расстраивает. Я думал, что в Горах Туманов обитают драконы... Ну что ж, по крайней мере, теперь я знаю, что это миф. Спасибо."
    }
  },
  "tasks": [
    {
		"id": "afptweaks:advancement",
		"advancement": "custom:magical_spring"
    }
  ],
  "rewards": [
    {
      "command": "/advancement grant @p only custom:trade_armorer",
      "id": "quest_giver:command"
    },
    {
      "command": "/addreputation reputation:villager @p 3",
      "id": "quest_giver:command"
    }
  ]
}