{
  "parent": "quest_giver:quest_0035_02b",
  "reputation": 35,
  "icon": "minecraft:beef",
  "start": {
    "title": {
      "text": "Меч"
    },
    "description": {
      "text": "А ты любопытный, верно? Ну, правда в том, что... Мой брат был странствующим торговцем, необычным таким. Он любил путешествовать через измерение Незера... Даже несмотря на опасность. Однажды он ушел и... больше не вернулся. Он оставил записку, где написал, что отправляется в замок пустошей пепла. Я собирался отправиться туда сам, чтобы выяснить, жив ли он еще или нет, но я боюсь, что я тоже не вернусь. В конце концов, прошло много месяцев с момента его последнего отбытия, все, что я хочу - это узнать чем все кончилось... У него был артефакт под названием $(light_blue)'Морозный меч'$(). Ты можешь отправиться в замок и посмотреть, сможешь ли ты найти это оружие?"
    }
  }
}