{
"__comment": "Translated by Skyderlock. Other credits go to: bstylia14 and DawnCraft Developer Team",

  "parent": "quest_giver:quest_0035_01",
  "reputation": 35,
  "icon": "minecraft:beef",
  "start": {
    "title": {
      "text": "Incendium"
    },
    "description": {
      "text": "Ах, так быстро вернулся? Ты был в Незере? Там есть биом, называемый Пепельные Пустоши. Посмотри, можешь ли ты найти там замок, и даже если не сможешь, вернись ко мне. Я хочу знать, как это место выглядит, пожалуйста."
    }
  }
}