{
	"parent": "quest_giver:quest_0035_03b",
	"reputation": 35,
	"icon": "minecraft:beef",
	"start": {
		"title": {
			"text": "Incendium"
		},
		"description": {
			"text": "$(light_blue)Морозный меч$(). Дай мне знать, если ты найдешь его в замке пустошей пепла."
		}
	},
	"complete": {
		"title": {
			"text": "Готово"
		},
		"description": {
			"text": "Так... он действительно ушел. Большое спасибо за то, что помог мне закрыть эту главу. Оставь меч себе. У меня больше нет ничего, чем я мог бы отблагодарить тебя."
		}
	},
	"tasks": [{
		"item": {
			"item": "minecraft:diamond_sword",
			"forge:nbt": "{CustomModelData:1450003,incendium:{item:'chilling_blade'}}"
		},
		"id": "quest_giver:item_pickup",
		"times": 1
	}],
	"rewards": [{
		"command": "/addreputation reputation:villager @p 3",
		"id": "quest_giver:command"
	}]
}