{
"__comment": "Translated by Skyderlock. Other credits go to: bstylia14 and DawnCraft Developer Team",

  "parent": "quest_giver:quest_0035_01b",
  "reputation": 35,
  "icon": "minecraft:beef",
  "start": {
    "title": {
      "text": "Заточка ножа"
    },
    "description": {
      "text": "Ты уже принёс $(red)5 блоков глубинного сланца$()? Мой клинок тупеет на глазах."
    }
  },
  "complete": {
    "title": {
      "text": "Готово"
    },
    "description": {
      "text": "Хорошая работа! Как и ожидалось, эти камни содержат как больщой, так и мелкий уровни зернистости. Большое спасибо! Вот, возьми, это твоя награда."
    }
  },
  "tasks": [
    {
      "item": {
        "item": "minecraft:deepslate"
      },
      "id": "quest_giver:gift",
      "times": 5
    }
  ],
  "rewards": [
    {
      "item": {
        "item": "minecraft:emerald"
      },
      "id": "quest_giver:item",
      "times": 2
    },
    {
      "command": "/addreputation reputation:villager @p 1",
      "id": "quest_giver:command"
    }
  ]
}