{
"__comment": "Translated by Skyderlock. Other credits go to: bstylia14 and DawnCraft Developer Team",

  "parent": "quest_giver:quest_0035_02b",
  "reputation": 35,
  "icon": "minecraft:beef",
  "start": {
    "title": {
      "text": "Incendium"
    },
    "description": {
      "text": "Помни, Пепельные Пустоши в Незере. Вернись ко мне после того, как там побываешь."
    }
  },
  "complete": {
    "title": {
      "text": "Готово"
    },
    "description": {
      "text": "Это невероятно... Спасибо за то, что рассказал мне об этом месте. Вот твоя награда. А теперь, отправляйся... У меня есть важное решение, которое нужно принять."
    }
  },
  "tasks": [
    {
		"id": "afptweaks:advancement",
		"advancement": "custom:scarlet_rot"
    }
  ],
  "rewards": [
    {
      "item": {
        "item": "minecraft:emerald"
      },
      "id": "quest_giver:item",
      "times": 5
    }
  ]
}