{
"__comment": "Translated by Skyderlock. Other credits go to: bstylia14 and DawnCraft Developer Team",

  "parent": "quest_giver:root",
  "reputation": 35,
  "icon": "minecraft:beef",
  "start": {
    "title": {
      "text": "Заточка ножа"
    },
    "description": {
      "text": "Я ищу хорошие точильные камни для своего ножа. Я слышал чудесные отзывы об одном материале под землей, который называется глубинный сланец. Говорят он идеально подходит для заточки. Можешь ли ты достать $(red)5 блоков глубинного слпнца$() для меня?"
    }
  }
}