{
  "parent": "quest_giver:root",
  "reputation": 13,
  "icon": "minecraft:paper",
  "start": {
    "title": {
      "text": "Исследование!"
    },
    "description": {
      "text": "В общем, мне нужна помощь с описанием некоторых биомов, чтобы я мог лучше рисовать их на картах. Как искатель приключений, ты мне кажешься идеальным кандидатом! Сейчас меня интересуют 3 биома: Белые столовые горы, Древние пески и Вулканические пики."
    }
  }
}