{
"__comment": "Translated by Skyderlock. Other credits go to: bstylia14 and DawnCraft Developer Team",

  "parent": "quest_giver:quest_0038_01b",
  "reputation": 13,
  "icon": "minecraft:map",
  "start": {
    "title": {
      "text": "Исследование!"
    },
    "description": {
      "text": "Возвращайся ко мне, когда закончишь свои путешествия по этим 3 биомам: Белые столовые горы, Древние пески и Вулканические пики"
    }
  },
  "complete": {
    "title": {
      "text": "Готово"
    },
    "description": {
      "text": "Спасибо за подробные объяснения. Я думаю, что смогу нарисовать их на основе твоего описания. Вот твоя награда."
    }
  },
  "tasks": [
	{
	   "id": "afptweaks:advancement",
	   "advancement": "custom:traveller"
	}
  ],
  "rewards": [
    {
      "item": {
        "item": "minecraft:emerald"
      },
      "id": "quest_giver:item",
      "times": 6
    },
    {
      "command": "/addreputation reputation:villager @p 2",
      "id": "quest_giver:command"
    },
    {
      "command": "/advancement grant @p only custom:trade_cartographer",
      "id": "quest_giver:command"
    }
  ]
}