{
  "__comment": "Translated by Skyderlock. Other credits go to: bstylia14 and DawnCraft Developer Team",

  "parent": "quest_giver:root",
  "reputation": 6,
  "icon": "minecraft:redstone",
  "start": {
    "title": {
      "text": "Ну?"
    },
    "description": {
      "text": "Ты достал $(red)10 редстоуновой пыли$()"
    }
  },
  "complete": {
    "title": {
      "text": "Благодарю!"
    },
    "description": {
      "text": "Благодарю, вот, пожалуйста."
    }
  },
  "tasks": [
     {
      "item": {
	 "item": "minecraft:redstone"
      },
      "id": "quest_giver:gift",
      "times": 10
     }
  ],
  "rewards": [
    {
      "command": "/advancement grant @p only custom:trade_engineer",
      "id": "quest_giver:command"
    },
    {
      "command": "/addreputation reputation:villager @p 2",
      "id": "quest_giver:command"
    },
    {
      "item": {
        "item": "minecraft:emerald"
      },
      "id": "quest_giver:item",
      "times": 5
    }
  ]
}