{
"__comment": "Translated by Skyderlock. Other credits go to: bstylia14 and DawnCraft Developer Team",

  "parent": "quest_giver:quest_0001_01",
  "reputation": 5,
  "icon": "minecraft:wooden_sword",
  "start": {
    "title": {
      "text": "Думаю, я могу отблагодарить вас..."
    },
    "description": {
      "text": "Думаю, я могу отблагодарить вас. Не могли бы вы принести мне лист бумаги, чтобы я мог нарисовать вам карту?"
    }
  }
}