{
"__comment": "Translated by Skyderlock. Other credits go to: bstylia14 and DawnCraft Developer Team",

  "parent": "quest_giver:quest_0001_01b",
  "reputation": 5,
  "icon": "minecraft:iron_ingot",
  "start": {
    "title": {
      "text": "Принеси мне кое-что!"
    },
    "description": {
      "text": "Привет! Ты уже принёс мне $(red)4 железных слитка$()?"
    }
  },
  "complete": {
    "title": {
      "text": "Спасибо!"
    },
    "description": {
      "text": "Спасибо! Теперь я наконец-то смогу выковать доспехи для того стражника... Он уже столько времени про них жужжит! У меня сейчас нет ничего для тебя, но обещаю, что когда-нибудь вознагражу тебя за помощь!"
    }
  },
  "tasks": [
    {
      "item": {
        "item": "minecraft:iron_ingot"
      },
      "id": "quest_giver:gift",
      "times": 4
    }
  ]
}