{
"__comment": "Translated by Skyderlock. Other credits go to: bstylia14 and DawnCraft Developer Team",

  "parent": "quest_giver:quest_0001_02",
  "reputation": 5,
  "icon": "minecraft:blast_furnace",
  "start": {
    "title": {
      "text": "Здравствуйте."
    },
    "description": {
      "text": "Здравствуйте. Вы нашли ожерелье? Они обычно прячут ценности под столами."
    }
  },
  "complete": {
    "title": {
      "text": "Наконец-то..."
    },
    "description": {
      "text": "Наконец-то, Хуан... Я вернул его... Я не нарушил свое обещание... О, вот, возьмите. Спасибо, это много значит для меня."
    }
  },
  "tasks": [
    {
      "item": {
        "item": "simple_mobs:armorers_pendant"
      },
      "id": "quest_giver:gift",
      "amount": 1
    }
  ],
  "rewards": [
    {
      "item": {
 	   "type": "minecraft:item_nbt",
           "item": "minecraft:iron_chestplate",
           "nbt":  "{display:{Name:'[{\"text\":\"Oathkeeper\",\"italic\":false}]',Lore:['[{\"text\":\"A chestplate the armorer specifically made for his champion.\",\"italic\":false}]']},Enchantments:[{id:mending,lvl:1},{id:protection,lvl:2}]}"
      },
      "id": "quest_giver:item",
      "times": 1
    },
    {
      "command": "/advancement grant @p only custom:trade_armorer",
      "id": "quest_giver:command"
    },    
    {
      "command": "/addreputation reputation:villager @p 2",
      "id": "quest_giver:command"
    }
  ]
}