{
"__comment": "Translated by Skyderlock. Other credits go to: bstylia14 and DawnCraft Developer Team",

  "parent": "quest_giver:root",
  "reputation": 5,
  "icon": "minecraft:wooden_sword",
  "start": {
    "title": {
      "text": "Принеси мне кое-что!"
    },
    "description": {
      "text": "Мне кое-что нужно! Можешь принести $(red)4 слитка железа$()? У меня заканчиваются материалы для изготовления брони... Я обещаю, что заплачу тебе!"
    }
  }
}