{
  "parent": "quest_giver:quest_0001_02b",
  "reputation": 5,
  "icon": "minecraft:iron_helmet",
  "start": {
    "title": {
      "text": "И скова здравствуйте!"
    },
    "description": {
      "text": "И скова здравствуйте! Вы уже принесли бумагу? Я хочу нарисовать вам карту."
    }
  },
  "complete": {
    "title": {
      "text": "Держите."
    },
    "description": {
      "text": "Держите. Там стоит дом, просто кишащий этими мерзкими охотниками... Один из моих друзей отследил их местоположение и отметил его на этой карте. Я уверен, что они запасаются добычей, которую получают от своих врагов.... Сразите их и заберите добычу. Если можете, найдите ожерелье, которое они украли у меня. Они любят прятать вещи под столами. Попробуйте найти его, я сделаю все возможное, чтобы вознаградить вас, если вы когда-нибудь вернете мне это ожерелье!"
    }
  },
  "tasks": [
     {
      "item": {
	 "item": "minecraft:paper"
      },
      "id": "quest_giver:gift",
      "amount": 1
     }
  ],
  "rewards": [
  {
      "command": "/loot give @p loot minecraft:armorer1",
      "id": "quest_giver:command"
    }
  ]
}