{
"__comment": "Translated by Skyderlock. Other credits go to: bstylia14 and DawnCraft Developer Team",

  "parent": "quest_giver:quest_0025_01b",
  "reputation": 10,
  "icon": "minecraft:iron_axe",
  "start": {
    "title": {
      "text": "Задание на истребление"
    },
    "description": {
      "text": "Убей Гриффона, я щедро заплачу... Но, пожалуйста, будь осторожен."
    }
  },
  "complete": {
    "title": {
      "text": "Спасибо!"
    },
    "description": {
      "text": "О, слава богам, вернулся! Ты так долго отсутствовал, что я начал переживать... Я рад, что ты в порядке. Вот твоя награда. Еще раз спасибо."
    }
  },
  "tasks": [
    {
      "item": {
        "item": "simple_mobs:griffin_feather"
      },
      "id": "quest_giver:gift",
      "times": 1
    }
  ],
  "rewards": [
    {
      "item": {
      	"item": "minecraft:emerald"
	},
      "id": "quest_giver:item",
      "times": 5
    },
    {
      "command": "/addreputation reputation:villager @p 2",
      "id": "quest_giver:command"
    }
  ]
}