{
"__comment": "Translated by Skyderlock. Other credits go to: bstylia14 and DawnCraft Developer Team",

  "parent": "quest_giver:root",
  "reputation": 6,
  "icon": "minecraft:bow",
  "start": {
    "title": {
      "text": "Задание на истребление"
    },
    "description": {
      "text": "Ты когда-нибудь сталкивался с созданиями, наполовину орлы, наполовину лошади? Их называют Грифонами. Эти звери разрушили мои пчелиные фермы и напугали мою семью. Не мог бы ты помочь мне уничтожить ближайшего Грифона, которого ты найдешь вокруг этой деревни, и принести мне его перо? Не волнуйся, я щедро заплачу тебе... Я знаю, какой риск ты берешь, соглашаясь сразиться с таким созданием."
    }
  }
}