{
"__comment": "Translated by Skyderlock. Other credits go to: bstylia14 and DawnCraft Developer Team",

  "parent": "quest_giver:root",
  "reputation": 0,
  "icon": "minecraft:brewing_stand",
  "start": {
    "title": {
      "text": "Так что?"
    },
    "description": {
      "text": "Ты достал $(red)5 огненных стержней$()? Не волнуйся, я знаю, как сложно их найти."
    }
  },
  "complete": {
    "title": {
      "text": "Спасибо!"
    },
    "description": {
      "text": "Отлично! Эти материалы трудно достать в нашей деревне. Я буду использовать их экономно. Спасибо."
    }
  },
  "tasks": [
    {
      "item": {
        "item": "minecraft:blaze_rod"
      },
      "id": "quest_giver:gift",
      "times": 5
    }
  ],
  "rewards": [
    {
      "item": {
        "item": "minecraft:emerald"
      },
      "id": "quest_giver:item",
      "times": 3
    },
    {
      "command": "/addreputation reputation:villager @p 2",
      "id": "quest_giver:command"
    },
    {
      "command": "/advancement grant @p only custom:trade_cleric",
      "id": "quest_giver:command"
    }
  ]
}