{
"__comment": "Translated by Skyderlock. Other credits go to: bstylia14 and DawnCraft Developer Team",

  "parent": "quest_giver:quest_0029_01b",
  "reputation": 0,
  "icon": "minecraft:mushroom_stew",
  "start": {
    "title": {
      "text": "Тушёные грибы!"
    },
    "description": {
      "text": "Ты уже приготовил $(red)Тушёные грибы$()?"
    }
  },
  "complete": {
    "title": {
      "text": "Итак..."
    },
    "description": {
      "text": "Вкусно! Спасибо незнакомец!"
    }
  },
  "tasks": [
    {
      "item": {
        "item": "minecraft:mushroom_stew"
      },
      "id": "quest_giver:gift",
      "times": 1
    }
  ],
  "rewards": [
    {
      "command": "/advancement grant @p only custom:trade_armorer",
      "id": "quest_giver:command"
    },
    {
      "command": "/addreputation reputation:villager @p 2",
      "id": "quest_giver:command"
    }
  ]
}