{
"__comment": "Translated by Skyderlock. Other credits go to: bstylia14 and DawnCraft Developer Team",

  "parent": "quest_giver:root",
  "reputation": 10,
  "icon": "minecraft:paper",
  "start": {
    "title": {
      "text": "Так что?"
    },
    "description": {
      "text": "Я научу вас пользоваться столом картографа за 10 изумрудов."
    }
  },
  "complete": {
    "title": {
      "text": "Совсем другое дело."
    },
    "description": {
      "text": "Не страшитесь огромного количества оборудования на столе, вы быстро разберётесь как с ним управлятся!"
    }
  },
  "tasks": [
    {
      "item": {
        "item": "minecraft:emerald"
      },
      "id": "quest_giver:gift",
      "times": 10
    }
  ],
  "rewards": [
    {
      "command": "/pmmo admin @p add sailing level 1",
      "id": "quest_giver:command"
    }
  ]
}