{
  "__comment": "Translated by Skyderlock. Other credits go to: bstylia14 and DawnCraft Developer Team",

  "reputation": 5,
  "icon": "minecraft:iron_axe",
  "start": {
    "title": {
      "text": "Хей!"
    },
    "description": {
      "text": "Привет! Мне нужен слиток Незерита, чтобы создать инструменты. Не мог бы ты отдать мне один, если у тебя есть лишний? Я, конечно же, заплачу за него."
    }
  }
}