{
	"parent": "quest_giver:root",
	"reputation": 12,
	"icon": "minecraft:iron_sword",
	"start": {
		"title": {
			"text": "Так что?"
		},
		"description": {
			"text": "Я могу обучить тебя навыку - Активной защиты. Просто заплати мне 15 изумрудов."
		}
	},
	"complete": {
		"title": {
			"text": "Спасибо!"
		},
		"description": {
			"text": "Так то лучше."
		}
	},
	"tasks": [{
		"item": {
			"item": "minecraft:emerald"
		},
      "id": "quest_giver:gift",
      "times": 15
	}],
	"rewards": [{
		"command": "/give @p epicfight:skillbook{skill:\"epicfight:active_guard\"}",
		"id": "quest_giver:command"
	}]
}