{
	"parent": "quest_giver:quest_0054_01",
	"reputation": 5,
	"icon": "minecraft:wheat_seeds",
	"start": {
		"title": {
			"text": "Так что?"
		},
		"description": {
			"text": "Скажи мне, когда приготовишь $(red)2 буханки хлеба$(). Но не нужно торопится!"
		}
	},
	"complete": {
		"title": {
			"text": "Спасибо!"
		},
		"description": {
			"text": "Большое спасибо! Пожалуйста, прими это. Я знаю что сумма маленькая, но она все, что у меня есть."
		}
	},
	"tasks": [{
		"item": {
			"item": "minecraft:bread"
		},
		"id": "quest_giver:gift",
		"times": 2
	}],
	"rewards": [{
			"command": "/advancement grant @p only custom:trade_farmer",
			"id": "quest_giver:command"
		},
		{
			"command": "/addreputation reputation:villager @p 2",
			"id": "quest_giver:command"
		},
		{
			"item": {
				"item": "minecraft:emerald"
			},
			"id": "quest_giver:item",
			"times": 2
		}
	]
}