{
"__comment": "Translated by Skyderlock. Other credits go to: bstylia14 and DawnCraft Developer Team",

  "parent": "quest_giver:quest_0054_01b",
  "reputation": 5,
  "icon": "minecraft:wheat_seeds",
  "start": {
    "title": {
      "text": "Так что?"
    },
    "description": {
      "text": "Ты достал $(red)железную мотыгу$()?"
    }
  },
  "complete": {
    "title": {
      "text": "Спасибо!"
    },
    "description": {
      "text": "О, ты достал ее... Я очень благодарен за это. Мне стыдно просить о еще одной услуге... Но не мог бы ты сделать для нас $(red)2 буханки хлеба$()? Мы хороши только в выращивании и сборе урожая, понимаешь. Можешь использовать пшеницу с нашей фермы для этого!"
    }
  },
  "tasks": [
    {
      "item": {
        "item": "minecraft:iron_hoe"
      },
      "id": "quest_giver:gift",
      "times": 1
    }
  ]
}