{
  "__comment": "Translated by Skyderlock. Other credits go to: bstylia14 and DawnCraft Developer Team",

  "parent": "quest_giver:root",
  "reputation": 4,
  "icon": "minecraft:honey_bottle",
  "start": {
    "title": {
      "text": "Мёд?"
    },
    "description": {
      "text": "Ты принёс $(red)бутылку мёда$()?"
    }
  },
  "complete": {
    "title": {
      "text": "Спасибо!"
    },
    "description": {
      "text": "Это лучший мед, который я пил за последнее время! Спасибо!"
    }
  },
  "tasks": [
     {
      "item": {
	 "item": "minecraft:honey_bottle"
      },
      "id": "quest_giver:gift",
      "times": 1
     }
  ],
  "rewards": [
    {
      "item": {
        "item": "minecraft:emerald"
      },
      "id": "quest_giver:item",
      "times": 1
    },
    {
      "command": "/advancement grant @p only custom:trade_weaponsmith",
      "id": "quest_giver:command"
    },
    {
      "command": "/addreputation reputation:villager @p 1",
      "id": "quest_giver:command"
    }
  ]
}