{
  "parent": "quest_giver:root",
  "reputation": 13,
  "icon": "minecraft:iron_sword",
  "start": {
    "title": {
      "text": "Помощь"
    },
    "description": {
      "text": "В окрестностях обитает $(red)Великан$(), который нападает на наших жителей и стражей, уже убив нескольких из них. Стражи, включая меня, слишком запуганы его размерами. Но, насколько нам известно, он не очень силен и не особо умён. Я уверен, что ты сможешь справиться с ним."
    }
  }
}