{
  "__comment": "Translated by Skyderlock. Other credits go to: bstylia14 and DawnCraft Developer Team",

  "parent": "quest_giver:quest_0111_01",
  "reputation": 13,
  "icon": "minecraft:iron_sword",
  "start": {
    "title": {
      "text": "Так что?"
    },
    "description": {
      "text": "Ты уже уничтожил великана? Если да, то принеси мне то, что он сбросил."
    }
  },
  "complete": {
    "title": {
      "text": "Спасибо!"
    },
    "description": {
      "text": "Отличная работа! Это, его глаз... Я научу тебя боевому приёму - Защитник, в качестве вознаграждения. Это один из самых важных приёмов, которые можно изучить в этом измерении."
    }
  },
  "tasks": [
    {
      "item": {
        "item": "simple_mobs:giant_eye_fragment"
      },
      "id": "quest_giver:gift",
      "times": 1
    }
  ],
  "rewards": [
    {
      "command": "/give @p epicfight:skillbook{skill:\"epicfight:guard\"}",
      "id": "quest_giver:command"
    }
  ]
}