{
  "parent": "quest_giver:quest_0111_01b",
  "reputation": 13,
  "icon": "minecraft:iron_sword",
  "start": {
    "title": {
      "text": "Снова привет!"
    },
    "description": {
      "text": "Дай мне лист бумаги, я покажу тебе, где его можно найти."
    }
  },
  "complete": {
    "title": {
      "text": "Вот."
    },
    "description": {
      "text": "Вот, близко к этому месту тебе будет легко его обнаружить. Удачи и принеси мне что-нибудь из того, что он сбросит."
    }
  },
  "tasks": [
     {
      "item": {
	 "item": "minecraft:paper"
      },
      "id": "quest_giver:gift",
      "amount": 1
     }
  ],
  "rewards": [
    {
      "command": "/loot give @p loot minecraft:guard4",
      "id": "quest_giver:command"
    },
    {
      "command": "/gamestage add @p guard4 true",
      "id": "quest_giver:command"
    }
  ]
}