{
  "__comment": "Translated by Skyderlock. Other credits go to: bstylia14 and DawnCraft Developer Team",

  "parent": "quest_giver:root",
  "reputation": 28,
  "icon": "minecraft:stone",
  "start": {
    "title": {
      "text": "Камни из другого измерения"
    },
    "description": {
      "text": "Ты уже достал $(red)лунный камень$()? Ты можешь найти их в измерении Эвердоун."
    }
  },
  "complete": {
    "title": {
      "text": "Спасибо!"
    },
    "description": {
      "text": "Спасибо. Качество... ниже среднего. Я подумаю о других способах его использования."
    }
  },
  "tasks": [
     {
      "item": {
	 "item": "blue_skies:lunar_stone"
      },
      "id": "quest_giver:gift",
      "times": 1
     }
  ],
  "rewards": [
    {
      "command": "/advancement grant @p only custom:trade_mason",
      "id": "quest_giver:command"
    },
    {
      "command": "/addreputation reputation:village @p 2",
      "id": "quest_giver:command"
    },
    {
      "item": {
        "item": "minecraft:emerald"
      },
      "id": "quest_giver:item",
      "times": 1
    }
  ]
}