{
  "__comment": "Translated by Skyderlock. Other credits go to: bstylia14 and DawnCraft Developer Team",

  "parent": "quest_giver:quest_0091_01b",
  "reputation": 46,
  "icon": "minecraft:ender_pearl",
  "start": {
    "title": {
      "text": "Так что?"
    },
    "description": {
      "text": "Пожалуйста, дай мне взглянуть на $(red)яйцо дракона$(), когда получишь его. Всегда мечтал увидеть его."
    }
  },
  "complete": {
    "title": {
      "text": "Спасибо!"
    },
    "description": {
      "text": "Так вот как оно выглядит... Ты знал, что можно поставить яйцо дракона, и из него вылупится новый дракон? Я расскажу тебе, как его приручить: просто корми его как можно большим количеством рыбы... Просто, да?"
    }
  },
  "tasks": [
    {
      "item": {
        "item": "minecraft:dragon_egg"
      },
      "id": "quest_giver:gift",
      "times": 1
     }
  ],
  "rewards": [
    {
      "item": {
        "item": "minecraft:dragon_egg"
      },
      "id": "quest_giver:item",
      "times": 1
    },
    {
      "command": "/advancement grant @p only custom:trade_enderian",
      "id": "quest_giver:command"
    },
    {
      "command": "/addreputation reputation:villager @p 3",
      "id": "quest_giver:command"
    },
    {
      "command": "/pmmo admin @p add taming level 1",
      "id": "quest_giver:command"
    }
  ]
}