{
"__comment": "Translated by Skyderlock. Other credits go to: bstylia14 and DawnCraft Developer Team",

  "parent": "quest_giver:quest_0009_01b",
  "reputation": 14,
  "icon": "minecraft:book",
  "start": {
    "title": {
      "text": "Запрос на сбор"
    },
    "description": {
      "text": "Пожалуйста, вернитесь, когда соберете $(red)4 чернильных мешка$()."
    }
  },
  "complete": {
    "title": {
      "text": "Благодарю!"
    },
    "description": {
      "text": "Очень вам благодарен. Но к сожалению, я обнаружил, что наш запас бумаги тоже заканчивается... Вы не могли бы помочь и принести 10 листов бумаги? Новая поставка должна прибыть совсем скоро, но пока её нет - нам нужно торговать хоть чем-то. Мы будем очень признательны если поможете."
    }
  },
  "tasks": [
    {
      "item": {
        "item": "minecraft:ink_sac"
      },
      "id": "quest_giver:gift",
      "times": 4
    }
  ],
  "rewards": [
    {
      "command": "/addreputation reputation:villager @p 1",
      "id": "quest_giver:command"
    },
    {
      "item": {
        "item": "minecraft:emerald"
      },
      "id": "quest_giver:item",
      "times": 1
    }
  ]
}