{
"__comment": "Translated by Skyderlock. Other credits go to: bstylia14 and DawnCraft Developer Team",

	"parent": "quest_giver:quest_0009_01",
	"reputation": 14,
	"icon": "minecraft:book",
	"start": {
		"title": {
			"text": "Так что?"
		},
		"description": {
			"text": "Вы уже собрали $(red)10 листов бумаги$()?"
		}
	},
	"complete": {
		"title": {
			"text": "Благодарю!"
		},
		"description": {
			"text": "Благодарю вас от всего сердца. У меня сейчас нет изумрудов, чтобы заплатить... Это сойдет за оплату?"
		}
	},
	"tasks": [{
		"item": {
			"item": "minecraft:paper"
		},
		"id": "quest_giver:gift",
		"times": 10
	}],
	"rewards": [{
			"item": {
				"type": "minecraft:item_nbt",
				"item": "minecraft:enchanted_book",
				"nbt": "{Enchantments:[{id:mending,lvl:1}]}"
			},
			"id": "quest_giver:item",
			"times": 1
		},
		{
			"command": "/advancement grant @p only custom:trade_librarian",
			"id": "quest_giver:command"
		},
		{
			"command": "/addreputation reputation:villager @p 1",
			"id": "quest_giver:command"
		}
	]
}