{
"__comment": "Translated by Skyderlock. Other credits go to: bstylia14 and DawnCraft Developer Team",

  "parent": "quest_giver:quest_0059_01b",
  "reputation": 4,
  "icon": "minecraft:cod",
  "start": {
    "title": {
      "text": "Тайм-менеджмент"
    },
    "description": {
      "text": "Ты достал песочные часы? Я даже не помню, когда просил тебя это сделать. Боги, мне так они нужны. Пожалуйста, поторопись."
    }
  },
  "complete": {
    "title": {
      "text": "Спасибо!"
    },
    "description": {
      "text": "Класс! Вот твоя... стой, внутри ничего нет. Как это использовать? Хм... можешь достать для меня немного $(red)редстоуновой пыли$()? Тогда я смогу запустить песочные часы."
    }
  },
  "tasks": [
    {
      "item": {
        "item": "supplementaries:hourglass"
      },
      "id": "quest_giver:gift",
      "times": 1
    }
  ]
}