{
"__comment": "Translated by Skyderlock. Other credits go to: bstylia14 and DawnCraft Developer Team",

  "parent": "quest_giver:root",
  "reputation": 4,
  "icon": "minecraft:cod",
  "start": {
    "title": {
      "text": "Тайм-менеджмент"
    },
    "description": {
      "text": "Я слышал, что есть такие штуки, которые помогают отслеживать время. Их называют... как же они там, ах да - $(red)песочные часы$()! Не мог бы ты достать мне одни?"
    }
  }
}