{
  "parent": "quest_giver:quest_0014_01",
  "reputation": 10,
  "icon": "minecraft:emerald",
  "start": {
    "title": {
      "text": "Всё сделано!"
    },
    "description": {
      "text": "Ого. Ты уже одолел хранителя ока, прежде чем я дал тебе карту? Хм... Покажи мне тот самый глаз, который он обронил. Собственно, брось его и снова подними... Не спрашивай почему!"
    }
  },
  "complete": {
    "title": {
      "text": "Конец пути"
    },
    "description": {
      "text": "У меня больше нет информации для тебя, мой друг. Следуй своему зову."
    }
  },
  "tasks": [
    {
      "item": {
        "item": "endrem:corrupted_eye"
      },
      "id": "quest_giver:item_pickup",
      "times": 1
    }
  ]
}