{
  "parent": "quest_giver:root",
  "reputation": 5,
  "icon": "minecraft:enchanted_book",
  "start": {
    "title": {
      "text": "Базовые навыки"
    },
    "description": {
      "text": "Ах... Я не думаю, что ты сможешь найти глаза в твоём текущем состоянии. Вернись ко мне, когда убьешь $(red)10 разбойников$(). Я дам тебе самое важное умение, которое ты можешь получить в этом измерении."
    }
  }
}