{
  "parent": "quest_giver:quest_0014_06",
  "reputation": 10,
  "icon": "minecraft:iron_sword",
  "start": {
    "title": {
      "text": "Путь к хранителям очей"
    },
    "description": {
      "text": "Следующий хранитель - нежить. А если быть точным, нежить с огромным количеством трюков в рукаве... Он окружен своими последователями, так что тебе может быть трудно добраться до него."
    }
  },
  "complete": {
    "title": {
      "text": "Путь к хранителям очей"
    },
    "description": {
      "text": "Повелитель селетов, вероятно, самая могущественная нежить, которую я когда-либо видел. Я удивлен, что ты смог его победить. Ладно, давай посмотрим... Следующее око защищает известный Страж-рыцарь. Я не уверен, что даже тебе это под силу. В любом случае, я дам тебе его местоположение. Будь осторожен."
    }
  },
  "tasks": [
    {
      "item": {
        "item": "endrem:magical_eye"
      },
      "id": "quest_giver:item_pickup",
      "times": 1
    }
  ],
  "rewards": [
    {
      "command": "/loot give @p loot minecraft:guildmaster5",
      "id": "quest_giver:command"
    },
    {
      "command": "/advancement grant @p only simple_mobs:skeleton_lord_quest_complete",
      "id": "quest_giver:command"
    },
    {
      "command": "/gamestage add @p guildmaster7 true",
      "id": "quest_giver:command"
    }
  ]
}