{
"__comment": "Translated by Skyderlock. Other credits go to: bstylia14 and DawnCraft Developer Team",

  "parent": "quest_giver:quest_0014_07",
  "reputation": 10,
  "icon": "minecraft:iron_sword",
  "start": {
    "title": {
      "text": "Путь к хранителям очей"
    },
    "description": {
      "text": "Страж-рыцарь охранял это око столетиями. Никто из приключенцов которых я знал не выжил после встречи с ним... Я слышал, что он держит ключ, который освобождает глаз от спячки."
    }
  },
  "complete": {
    "title": {
      "text": "Путь к хранителям очей"
    },
    "description": {
      "text": "Потрясающе. Даже великий Страж-рыцарь тебе не ровня... Вот и близится конец этого путешествия. Как ты себя чувствуешь? ... В любом случае, тебе кое-что понадобится для того чтобы вызвать следующего хранителя. Держи, это узелок волос и карту к алтарю."
    }
  },
  "tasks": [
    {
      "item": {
        "item": "endrem:guardian_eye"
      },
      "id": "quest_giver:item_pickup",
      "times": 1
    }
  ],
  "rewards": [
    {
      "command": "/loot give @p loot minecraft:guildmaster6",
      "id": "quest_giver:command"
    },
    {
      "item": {
        "item": "simple_mobs:giant_knot"
      },
      "id": "quest_giver:item",
      "times": 1
    },
    {
      "command": "/gamestage add @p fire_giant",
      "id": "quest_giver:command"
    },
    {
      "command": "/advancement grant @p only simple_mobs:sentinel_knight_quest_complete",
      "id": "quest_giver:command"
    }    
  ]
}