{
  "parent": "quest_giver:quest_0014_08",
  "reputation": 10,
  "icon": "minecraft:iron_sword",
  "start": {
    "title": {
      "text": "Конец пути"
    },
    "description": {
      "text": "Огненный великан исчез из нашего мира много лун назад. Однако, мы смогли достать узелок его волос перед его уходом. Великие священники наделили предмет магией, которая, теоретически, позволит тебе призвать великана, если ты возложишь предмет на алтаре. Если потеряешь узелок волос, совмести огненный заряд с обычным зельем огнестойкости на варочной стойке, чтобы повторно вызвать предмет."
    }
  },
  "complete": {
    "title": {
      "text": "Конец пути"
    },
    "description": {
      "text": "Мне даже нечего сказать... На этом все приключенец. Ты победил всех хранителей. Если ты уже успел собрать 12 очей, тебе стоит начать поиски врат Края. Удачи тебе."
    }
  },
  "tasks": [
    {
      "item": {
        "item": "endrem:corrupted_eye"
      },
      "id": "quest_giver:item_pickup",
      "times": 1
    }
  ],
  "rewards": [
    {
      "command": "/addreputation reputation:village @p 10",
      "id": "quest_giver:command"
    },
    {
      "item": {
        "item": "simple_mobs:giant_knot"
      },
      "id": "quest_giver:item",
      "times": 1
    }
  ]
}