{
  "parent": "quest_giver:quest_0014_02",
  "reputation": 10,
  "icon": "minecraft:iron_sword",
  "start": {
    "title": {
      "text": "Путь к хранителям очей"
    },
    "description": {
      "text": "Твоё первое задание - уничтожить $(red)Короля гоблинов$(). Его можно найти на вершине замка."
    }
  },
  "complete": {
    "title": {
      "text": "Путь к хранителям очей"
    },
    "description": {
      "text": "Отличная работа. Похоже, ты готов взяться за $(red)Искаженного огра$(). Зверь, обитающий в отмеченном месте, держит одно из очей."
    }
  },
  "tasks": [
    {
      "item": {
        "item": "goblinsanddungeons:goblin_crown"
      },
      "id": "quest_giver:item_pickup",
      "times": 1
    }
  ],
  "rewards": [
    {
      "command": "/loot give @p loot minecraft:guildmaster1",
      "id": "quest_giver:command"
    },
     {
      "command": "/advancement grant @p only simple_mobs:goblin_king_quest_complete",
      "id": "quest_giver:command"
    },
    {
      "command": "/gamestage add @p guildmaster3 true",
      "id": "quest_giver:command"
    }
  ]
}