{
  "parent": "quest_giver:quest_0014_04",
  "reputation": 10,
  "icon": "minecraft:iron_sword",
  "start": {
    "title": {
      "text": "Путь к хранителям очей"
    },
    "description": {
      "text": "У нас очень мало информации о Рыцаре Робере в его текущем состоянии, но он, вероятно, значительно ослаблен после последней войны... О, и не забудь взять жемчуг края. У него есть неприятная атака, из которой можно убежать только телепортацией."
    }
  },
  "complete": {
    "title": {
      "text": "Путь к хранителям очей"
    },
    "description": {
      "text": "Ого, ты действительно победил Рыцаря Робера. Было ли тяжело? Раньше он был одним из самых страшных оппонентов, с которым можно было столкнуться в поединке, но, наверное, возраст наконец настиг его. Хорошо, следующий хранитель тоже человек. Сейчас он мирно проживает на своей ферме... Вот карта его местонахождения."
    }
  },
  "tasks": [
    {
      "item": {
        "item": "endrem:rogue_eye"
      },
      "id": "quest_giver:item_pickup",
      "times": 1
    }
  ],
  "rewards": [
    {
      "command": "/loot give @p loot minecraft:guildmaster3",
      "id": "quest_giver:command"
    },
    {
      "command": "/pmmo admin @p add crafting level 1",
      "id": "quest_giver:command"
    },
    {
      "command": "/pmmo admin @p add engineering level 1",
      "id": "quest_giver:command"
    },
    {
      "command": "/advancement grant @p only simple_mobs:knight_rober_quest_complete",
      "id": "quest_giver:command"
    },
    {
      "command": "/gamestage add @p guildmaster5 true",
      "id": "quest_giver:command"
    }    
  ]
}