{
"__comment": "Translated by Skyderlock. Other credits go to: bstylia14 and DawnCraft Developer Team",

	"parent": "quest_giver:quest_0014_01b",
	"reputation": 5,
	"icon": "minecraft:enchanted_book",
	"start": {
		"title": {
			"text": "Базовые навыки"
		},
		"description": {
			"text": "Возвращайся после выполнения поручения - $(red)Убить 10 разбойников$()!"
		}
	},
	"complete": {
		"title": {
			"text": "Базовые навыки"
		},
		"description": {
			"text": "Вот, просто открой книгу и изучи навык. Если хочешь получить больше книг навыков, я бы посоветовал выполнить некоторые запросы стражей. Удачи в твоем путешествии."
		}
	},
	"tasks": [{
		"entity": "minecraft:pillager",
		"id": "quest_giver:kill",
		"times": 10
	}],
	"rewards": [{
		"command": "/give @p epicfight:skillbook{skill:\"epicfight:roll\"}",
		"id": "quest_giver:command"
	}]
}