{
"__comment": "Translated by Skyderlock. Other credits go to: bstylia14 and DawnCraft Developer Team",

  "parent": "quest_giver:quest_0014_11",
  "reputation": 10,
  "icon": "minecraft:ender_pearl",
  "start": {
    "title": {
      "text": "Конец пути... лишь начало нового."
    },
    "description": {
      "text": "Если тебе интересно... Божество, которое поработило дракона Края... Оно все еще живо. Но это существо чудовищно сильное, даже для тебя. Карта, ведущая к нему, находится у стража Края. Что касается местонахождения самого стража... Подсказку могут знать наши Эндологи. Я не советую тебе преследовать эту цель. Ты уже сделал больше, чем достаточно."
    }
  },
  "complete": {
    "title": {
      "text": "Истинный конец"
    },
    "description": {
      "text": "Я... Извините, что сомневался в вас. Вы действительно уникальны.                                      - Конец диалога -"
    }
  },
  "tasks": [
    {
		"id": "afptweaks:advancement",
		"advancement": "simple_mobs:killelementaldeity"
    }
  ],
  "rewards": [
  ]
}