{
"__comment": "Translated by Skyderlock. Other credits go to: bstylia14 and DawnCraft Developer Team",

  "parent": "quest_giver:quest_0014_09",
  "reputation": 10,
  "icon": "minecraft:ender_pearl",
  "start": {
    "title": {
      "text": "Конец пути"
    },
    "description": {
      "text": "У меня больше нет информации для тебя, мой друг. Следуй своему зову."
    }
  },
  "complete": {
    "title": {
      "text": "Конец пути... лишь начало нового."
    },
    "description": {
      "text": "Итак... ты победил дракона. Я полагаю что это сделало тебя новым правителем этого измерения. Поздравляю, храбрый путешественник. Ты сделал... буквально, все что мог. Теперь, прошу меня простить."
    }
  },
  "tasks": [
    {
		"id": "afptweaks:advancement",
		"advancement": "minecraft:end/kill_dragon"
    }
  ],
  "rewards": [
  ]
}