{
"__comment": "Translated by Skyderlock. Other credits go to: bstylia14 and DawnCraft Developer Team",

	"parent": "quest_giver:quest_0014_01b",
	"reputation": 5,
	"icon": "minecraft:crossbow",
	"start": {
		"title": {
			"text": "Поиск разбойников"
		},
		"description": {
			"text": "Я то думал, что ты путешественник... Хорошо. Принеси мне лист бумаги. Я покажу тебе местоположение ближайшего лагеря захватчиков, о котором мы знаем."
		}
	},
	"complete": {
		"title": {
			"text": "Карта получена"
		},
		"description": {
			"text": "Вот, держи. Возможно, ты найдешь разбойников где-то ближе. Эти подлецы повсюду."
		}
	},
	"tasks": [
        {
          "item": {
             "item": "minecraft:paper"
           },
           "id": "quest_giver:gift",
           "times": 1
    	  }
	],
	"rewards": [
    {
      "command": "/loot give @p loot minecraft:pillager1",
      "id": "quest_giver:command"
    }
]
}