{
  "parent": "quest_giver:quest_0014_05",
  "reputation": 10,
  "icon": "minecraft:iron_sword",
  "start": {
    "title": {
      "text": "Путь к хранителям очей"
    },
    "description": {
      "text": "Хм... Девятихвостый не совсем человек. Но как бы там ни было, ты узнаешь его, когда увидишь."
    }
  },
  "complete": {
    "title": {
      "text": "Путь к хранителям очей"
    },
    "description": {
      "text": "Хмм... Знаешь, я даже не удивлен. Превосходно. Девятихвостый - известный своей жестокостью дух... Но почему он решил уйти на покой в заброшенный сарай, я не знаю. В любом случае, вот местонахождение следующего хранителя. Будь осторожен, он не похож на предыдущих противников."
    }
  },
  "tasks": [
    {
      "item": {
        "item": "endrem:exotic_eye"
      },
      "id": "quest_giver:item_pickup",
      "times": 1
    }
  ],
  "rewards": [
    {
      "command": "/loot give @p loot minecraft:guildmaster4",
      "id": "quest_giver:command"
    },
    {
      "command": "/pmmo admin @p add magic level 1",
      "id": "quest_giver:command"
    },
    {
      "command": "/pmmo admin @p add smithing level 1",
      "id": "quest_giver:command"
    },
    {
      "command": "/advancement grant @p only simple_mobs:nine_tails_quest_complete",
      "id": "quest_giver:command"
    },
    {
      "command": "/gamestage add @p guildmaster6 true",
      "id": "quest_giver:command"
    }    
  ]
}