{
"__comment": "Translated by Skyderlock. Other credits go to: bstylia14 and DawnCraft Developer Team",

  "parent": "quest_giver:quest_0014_03",
  "reputation": 10,
  "icon": "minecraft:iron_sword",
  "start": {
    "title": {
      "text": "Путь к хранителям очей"
    },
    "description": {
      "text": "Огр - задача более высокого уровня в сравнении с королём гоблинов. Будь осторожен."
    }
  },
  "complete": {
    "title": {
      "text": "Путь к хранителям очей"
    },
    "description": {
      "text": "Чистая работа. Полагаю теперь ты готов сразится с $(red)Рыцарем Робером$(). Хоть он и слабее чем был раньше это не отменяет того, что он опасен, поскольку ему все еще удается удерживать силу ока, которым он владеет. Вот карта его текущего местоположения."
    }
  },
  "tasks": [
    {
      "item": {
        "item": "endrem:lost_eye"
      },
      "id": "quest_giver:item_pickup",
      "times": 1
    }
  ],
  "rewards": [
    {
      "command": "/loot give @p loot minecraft:guildmaster2",
      "id": "quest_giver:command"
    },
    {
      "command": "/dc enableInvasions @p",
      "id": "quest_giver:command"
    },
    {
      "command": "/pmmo admin @p add endurance level 1",
      "id": "quest_giver:command"
    },
    {
      "command": "/pmmo admin @p add cooking level 1",
      "id": "quest_giver:command"
    },
    {
      "command": "/gamestage add @p AdvancedSmelting",
      "id": "quest_giver:command"
    },
    {
      "command": "/advancement grant @p only simple_mobs:corrupt_ogre_quest_complete",
      "id": "quest_giver:command"
    } 
  ]
}