{
"__comment": "Translated by Skyderlock. Other credits go to: bstylia14 and DawnCraft Developer Team",

  "parent": "quest_giver:quest_0014_01",
  "reputation": 10,
  "icon": "minecraft:compass",
  "start": {
    "title": {
      "text": "Забытые очи"
    },
    "description": {
      "text": "Насколько мне известно, на данный момент существует 7 глаз, которые не принадлежат владельцам. Те, которые могут быть найдены в структурах, включают Проклятый и Древний. Что касается других... я думаю, что большинство из них можно создать с помощью жизненных сил нашего мира, в то время как несколько из них могут быть украдены разумными зверями. Местные жители могут знать об этом больше, чем я. Однако у меня есть информация, что священники владеют Оком зла."
    }
  },
  "complete": {
    "title": {
      "text": "Забытые очи"
    },
    "description": {
      "text": "Думаю, что больше нет необходимости искать очи?"
    }
  },
  "tasks": [
    {
		"id": "afptweaks:advancement",
		"advancement": "minecraft:end/kill_dragon"
    }
  ],
  "rewards": [
  ]
}