{
  "__comment": "Translated by Skyderlock. Other credits go to: bstylia14 and DawnCraft Developer Team",

  "parent": "quest_giver:root",
  "reputation": 10,
  "icon": "minecraft:iron_axe",
  "start": {
    "title": {
      "text": "Сделка"
    },
    "description": {
      "text": "25 изумрудов, и я научу тебя владению парными двуручными мечами."
    }
  },
  "complete": {
    "title": {
      "text": "Спасибо!"
    },
    "description": {
      "text": "Приятно иметь дело с тобой. Но будь осторожен, чтобы не сломать свою спину."
    }
  },
  "tasks": [
     {
      "item": {
	 "item": "minecraft:emerald"
      },
      "id": "quest_giver:gift",
      "amount": 25
     }
  ],
  "rewards": [
    {
      "command": "/give @p epicfight:skillbook{skill:\"epicfight:dualgreatsword\"}",
      "id": "quest_giver:command"
    }
  ]
}