{
  "__comment": "Translated by Skyderlock. Other credits go to: bstylia14 and DawnCraft Developer Team",

  "reputation": 5,
  "icon": "minecraft:iron_sword",
  "start": {
    "title": {
      "text": "Сделка"
    },
    "description": {
      "text": "У меня есть интересный навык, которому я могу тебя обучить - парные двуручные мечи. Но это будет стоить тебе 25 изумрудов."
    }
  }
}