{
"__comment": "Translated by Skyderlock. Other credits go to: bstylia14 and DawnCraft Developer Team",

  "parent": "quest_giver:root",
  "reputation": 10,
  "icon": "minecraft:white_wool",
  "start": {
    "title": {
      "text": "Ну?"
    },
    "description": {
      "text": "За 10 изумрудов я готов обучить тебя работать на точиле! Цена довольно низкая, так что думай."
    }
  },
  "complete": {
    "title": {
      "text": "Благодарю!"
    },
    "description": {
      "text": "Так-то лучше! И вовсе не сложно, правда?"
    }
  },
  "tasks": [
    {
      "item": {
        "item": "minecraft:emerald"
      },
      "id": "quest_giver:gift",
      "times": 10
    }
  ],
  "rewards": [
    {
      "command": "/pmmo admin @p add excavation level 1",
      "id": "quest_giver:command"
    }
  ]
}