{
  "parent": "quest_giver:quest_0118_01b",
  "reputation": 16,
  "icon": "minecraft:iron_pickaxe",
  "start": {
    "title": {
      "text": "Сердце дракона"
    },
    "description": {
      "text": "Не спрашивай, почему оно мне нужно. Это не твое дело, пацан. Просто принеси мне $(red)Сердце Огненного Дракона$()."
    }
  },
  "complete": {
    "title": {
      "text": "Спасибочки!"
    },
    "description": {
      "text": "Я знал, что на тебя можно положиться. Вот, держи."
    }
  },
  "tasks": [
    {
      "item": {
        "item": "simple_mobs:firedragon_heart"
      },
      "id": "quest_giver:gift",
      "times": 1
    }
  ],
  "rewards": [
    {
      "item": {
        "item": "paraglider:spirit_orb"
      },
      "id": "quest_giver:item",
      "times": 2
    },
    {
      "command": "/advancement grant @p only custom:trade_miner",
      "id": "quest_giver:command"
    },    
    {
      "command": "/addreputation reputation:villager @p 2",
      "id": "quest_giver:command"
    }
  ]
}