{
	"__comment": "Translated by Skyderlock. Other credits go to: bstylia14 and DawnCraft Developer Team",

	"parent": "quest_giver:root",
	"reputation": 16,
	"icon": "minecraft:iron_pickaxe",
	"start": {
		"title": {
			"text": "Сердце дракона"
		},
		"description": "У меня есть кое-что, что может заинтересовать тебя - Орбизы духа, или как там они называются. Для меня они бесполезны, но я думаю, что путешественники, такие как ты, будут готовы на все, чтобы их получить... Я все правильно понимаю? Проведём сделку. Принеси мне $(red)Сердце Огненного Дракона$(), и я дам тебе все орбизы, которые у меня есть. Договорились?"
	}
}