{
  "parent": "quest_giver:quest_0024_01",
  "reputation": 6,
  "icon": "minecraft:iron_sword",
  "start": {
    "title": {
      "text": "Потерянный ребёнок"
    },
    "description": {
      "text": "Пожалуйста, спаси ребёнка и прведи его домой."
    }

  },
  "complete": {
    "title": {
      "text": "Потерянный ребёнок: Завершено"
    },
    "description": {
      "text": "Ты настоящий герой, путешественник. Мы никогда не забудем, то - что ты сделал для нас. В качестве награды я обучу тебя боевому навыку - Берсерк."
    }
  },
  "tasks": [
    {
      "id": "afptweaks:follow_quest",
       "structure": "#minecraft:village"
    }
  ],
  "rewards": [
    {
      "command": "/give @p epicfight:skillbook{skill:\"epicfight:berserker\"}",
      "id": "quest_giver:command"
    }
  ]
}