{
"__comment": "Translated by Skyderlock. Other credits go to: bstylia14 and DawnCraft Developer Team",

  "parent": "quest_giver:root",
  "reputation": 6,
  "icon": "minecraft:bow",
  "start": {
    "title": {
      "text": "Помощь"
    },
    "description": {
      "text": "Разбойники похитили ребёнка из нашей деревни... Пожалуйста, спаси его и прведи домой. Здешние стражники заняты патрулированием, ты наша последняя надежда."
    }
  }
}