{
  "parent": "quest_giver:quest_0024_01b",
  "reputation": 6,
  "icon": "minecraft:iron_sword",
  "start": {
    "title": {
      "text": "Снова здравствуй!"
    },
    "description": {
      "text": "Чуть не забыл. Можешь дать мне лист бумаги? Я нарисую карту к их убежищу."
    }
  },
  "complete": {
    "title": {
      "text": "Вот."
    },
    "description": {
      "text": "Вот. Прошу тебя, поспеши."
    }
  },
  "tasks": [
     {
      "item": {
	 "item": "minecraft:paper"
      },
      "id": "quest_giver:gift",
      "amount": 1
     }
  ],
  "rewards": [
    {
      "command": "/loot give @p loot minecraft:guard1",
      "id": "quest_giver:command"
    },
    {
      "command": "/gamestage add @p guard1 true",
      "id": "quest_giver:command"
    }    
  ]
}