{
  "parent": "quest_giver:root",
  "reputation": 24,
  "icon": "minecraft:iron_axe",
  "start": {
    "title": {
      "text": "Сбор стеблей"
    },
    "description": {
      "text": "Ты достал $(red)багровые стебли$()?"
    }
  },
  "complete": {
    "title": {
      "text": "Спасибо!"
    },
    "description": {
      "text": "Спасибо! У меня сейчас нет изумрудов... Ты возьмешь эту алмазную кирку? Я сделал её несколько часов назад."
    }
  },
  "tasks": [
     {
      "item": {
	 "item": "minecraft:crimson_stem"
      },
      "id": "quest_giver:gift",
      "times": 1
     }
  ],
  "rewards": [
    {
      "item": {
        "item": "minecraft:diamond_pickaxe"
      },
      "id": "quest_giver:item",
      "times": 1
    },
    {
      "command": "/addreputation reputation:villager @p 2",
      "id": "quest_giver:command"
    },
    {
      "command": "/advancement grant @p only custom:trade_toolsmith",
      "id": "quest_giver:command"
    }
  ]
}