{
  "parent": "quest_giver:root",
  "reputation": 10,
  "icon": "minecraft:paper",
  "start": {
    "title": {
      "text": "Узнай как использовать стол картографа"
    },
    "description": {
      "text": "Оу... хм, хорошо. Дай мне 15 изумрудов и я научу тебя как с ним работать."
    }
  },
  "complete": {
    "title": {
      "text": "Совсем другое дело."
    },
    "description": {
      "text": "Не страшись огромного количества оборудования на столе, ты быстро разберёшься как с ним управлятся!"
    }
  },
  "tasks": [
    {
      "item": {
        "item": "minecraft:emerald"
      },
      "id": "quest_giver:gift",
      "times": 15
    }
  ],
  "rewards": [
    {
      "command": "/pmmo admin @p add sailing level 1",
      "id": "quest_giver:command"
    }
  ]
}