{
"__comment": "Translated by Skyderlock. Other credits go to: bstylia14 and DawnCraft Developer Team",

  "parent": "quest_giver:root",
  "reputation": 10,
  "icon": "minecraft:map",
  "start": {
    "title": {
      "text": "Одолжение"
    },
    "description": {
      "text": "Привет! Ты уже принёс чернила и бумагу о которых я просил? Мне нужно только по одной штуке каждого."
    }
  },
  "complete": {
    "title": {
      "text": "Спасибо!"
    },
    "description": {
      "text": "Ты мой спаситель! Держи, изучай и заполняй эту карту."
    }
  },
  "tasks": [
    {
      "item": {
        "item": "minecraft:ink_sac"
      },
      "id": "quest_giver:gift",
      "times": 1
    },
    {
      "item": {
        "item": "minecraft:paper"
      },
      "id": "quest_giver:gift",
      "times": 1
    }
  ],
  "rewards": [
    {
      "item": {
        "item": "minecraft:map"
      },
      "id": "quest_giver:item",
      "times": 1
    },
    {
      "command": "/addreputation reputation:villager @p 1",
      "id": "quest_giver:command"
    }
  ]
}