{
  "parent": "quest_giver:root",
  "reputation": 12,
  "icon": "minecraft:arrow",
  "start": {
    "title": {
      "text": "Доставка перьев"
    },
    "description": {
      "text": "Ты уже принёс $(red)2 пера кукушки$()?"
    }
  },
  "complete": {
    "title": {
      "text": "Спасибо!"
    },
    "description": {
      "text": "Хм, качество не впечатляет. Я посмотрю, можно ли его использовать другими способами. В любом случае, спасибо за твои старания. Вот твоя награда."
    }
  },
  "tasks": [
    {
      "item": {
        "item": "alexsmobs:roadrunner_feather"
      },
      "id": "quest_giver:gift",
      "times": 2
    }
  ],
  "rewards": [
    {
      "command": "/advancement grant @p only custom:trade_fletcher",
      "id": "quest_giver:command"
    },
    {
      "command": "/addreputation reputation:villager @p 2",
      "id": "quest_giver:command"
    },
    {
      "item": {
        "item": "minecraft:emerald"
      },
      "id": "quest_giver:item",
      "times": 3
    }
  ]
}