{
"__comment": "Translated by Skyderlock. Other credits go to: bstylia14 and DawnCraft Developer Team",

  "reputation": 12,
  "icon": "minecraft:arrow",
  "start": {
    "title": {
      "text": "Хей!"
    },
    "description": {
      "text": "Я слышал, что в пустынных биомах есть вид наземной птицы с отличными перьями для изготовления стрел. Ты сможешь принести мне 2 пера этих птиц?"
    }
  }
}