{
"__comment": "Translated by Skyderlock. Other credits go to: bstylia14 and DawnCraft Developer Team",

  "parent": "quest_giver:root",
  "reputation": 2,
  "icon": "minecraft:map",
  "start": {
    "title": {
      "text": "Создай компас!"
    },
    "description": {
      "text": "Это не такая уж сложная задача, верно? Создай компас."
    }
  },
  "complete": {
    "title": {
      "text": "Спасибо!"
    },
    "description": {
      "text": "Хорошая работа. Ты что, ждал награды? Иди своей дорогой."
    }
  },
  "tasks": [
    {
      "item": {
        "item": "minecraft:compass"
      },
      "id": "quest_giver:craft",
      "times": 1
    }
  ],
  "rewards": [
    {
      "command": "/advancement grant @p only custom:trade_cartographer",
      "id": "quest_giver:command"
    },
    {
      "command": "/addreputation reputation:villager @p 1",
      "id": "quest_giver:command"
    }
  ]
}